"remark,\"CSV-Import-Export\"
remark,\"Date = Thu Nov 03 21:57:14 2016\"
remark,\"Version = RSLogix 5000 v20.01\"
remark,\"Owner = Avid\"
remark,\"Company = Avid Solutions\"
0.3
TYPE,SCOPE,NAME,DESCRIPTION,DATATYPE,SPECIFIER,ATTRIBUTES
TAG,,CM_200_AIT_041,\"Process Waste Conductivity\",\"P_AInHART\",\"\",\"(Constant := false, ExternalAccess := Read/Write)\"
TAG,,CM_200_PIT_006,\"Process from PU-200-001 to DSP-200-001 Pressure\",\"P_AInHART\",\"\",\"(Constant := false, ExternalAccess := Read/Write)\"
TAG,,CM_200_PIT_007,\"Process from DSP-200-001 to PU-200-002 Pressure\",\"P_AInHART\",\"\",\"(Constant := false, ExternalAccess := Read/Write)\"
TAG,,CM_200_PIT_013,\"Process to TP-361-003 from DSP-200-001 Pressure\",\"P_AInHART\",\"\",\"(Constant := false, ExternalAccess := Read/Write)\"
TAG,,CM_200_PIT_015,\"Process from TP-361-003 to DSP-200-001 Pressure\",\"P_AInHART\",\"\",\"(Constant := false, ExternalAccess := Read/Write)\"
TAG,,CM_200_TIT_012,\"Process from PU-200-001\",\"P_AInHART\",\"\",\"(Constant := false, ExternalAccess := Read/Write)\"
TAG,,CM_210_FIT_060,\"WFI Flow To TK-210-001\",\"P_AInHART\",\"\",\"(Constant := false, ExternalAccess := Read/Write)\"
TAG,,CM_210_LIT_070,\"TK-210-001 Level\",\"P_AInHART\",\"\",\"(Constant := false, ExternalAccess := Read/Write)\"
TAG,,CM_210_TIT_011,\"TK-210-001 Temperature\",\"P_AInHART\",\"\",\"(Constant := false, ExternalAccess := Read/Write)\"
TAG,,CM_211_FIT_060,\"WFI Flow Totalizer\",\"P_AInHART\",\"\",\"(Constant := false, ExternalAccess := Read/Write)\"
TAG,,CM_211_LIT_070,\"TK-211-001 Level\",\"P_AInHART\",\"\",\"(Constant := false, ExternalAccess := Read/Write)\"
TAG,,CM_211_TIT_011,\"TK-211-001 Temperature\",\"P_AInHART\",\"\",\"(Constant := false, ExternalAccess := Read/Write)\"
TAG,,CM_230_AIT_041,\"TK-230-001 Conductivity\",\"P_AInHART\",\"\",\"(Constant := false, ExternalAccess := Read/Write)\"
TAG,,CM_230_LIT_070,\"TK-230-001 Level\",\"P_AInHART\",\"\",\"(Constant := false, ExternalAccess := Read/Write)\"
TAG,,CM_230_PIT_007,\"Pressure from TK-231-001 to FL-231-001\",\"P_AInHART\",\"\",\"(Constant := false, ExternalAccess := Read/Write)\"
TAG,,CM_230_PIT_008,\"Process from FL-230-001 to FL-230-002\",\"P_AInHART\",\"\",\"(Constant := false, ExternalAccess := Read/Write)\"
TAG,,CM_230_PIT_009,\"Process from FL-230-002 to TK-230-001\",\"P_AInHART\",\"\",\"(Constant := false, ExternalAccess := Read/Write)\"
TAG,,CM_230_PIT_010,\"TK-230-001 Pressure\",\"P_AInHART\",\"\",\"(Constant := false, ExternalAccess := Read/Write)\"
TAG,,CM_230_PIT_012,\"PU-230-001 Outlet Pressure\",\"P_AInHART\",\"\",\"(Constant := false, ExternalAccess := Read/Write)\"
TAG,,CM_230_TIT_011,\"TK-230-001 Temperature\",\"P_AInHART\",\"\",\"(Constant := false, ExternalAccess := Read/Write)\"
TAG,,CM_230_TIT_031,\"HX-230-001 CIPR Outlet Temperature\",\"P_AInHART\",\"\",\"(Constant := false, ExternalAccess := Read/Write)\"
TAG,,CM_230_TIT_033,\"High Quality Steam Drain Temp TK-230-001\",\"P_AInHART\",\"\",\"(Constant := false, ExternalAccess := Read/Write)\"
TAG,,CM_230_TIT_034,\"High Quality Steam Drain Temp TK-230-001\",\"P_AInHART\",\"\",\"(Constant := false, ExternalAccess := Read/Write)\"
TAG,,CM_230_TIT_035,\"High Quality Steam Drain Temp TK-230-001\",\"P_AInHART\",\"\",\"(Constant := false, ExternalAccess := Read/Write)\"
TAG,,CM_231_AIT_041,\"TK-231-001 Conductivity\",\"P_AInHART\",\"\",\"(Constant := false, ExternalAccess := Read/Write)\"
TAG,,CM_231_LIT_070,\"TK-231-001 Level\",\"P_AInHART\",\"\",\"(Constant := false, ExternalAccess := Read/Write)\"
TAG,,CM_231_PIT_007,\"Pressure from TK-231-001 to FL-231-001\",\"P_AInHART\",\"\",\"(Constant := false, ExternalAccess := Read/Write)\"
TAG,,CM_231_PIT_008,\"Process from FL-231-001 to FL-231-002\",\"P_AInHART\",\"\",\"(Constant := false, ExternalAccess := Read/Write)\"
TAG,,CM_231_PIT_009,\"Process from FL-231-002 to TK-231-001\",\"P_AInHART\",\"\",\"(Constant := false, ExternalAccess := Read/Write)\"
TAG,,CM_231_PIT_010,\"TK-231-001 Pressure\",\"P_AInHART\",\"\",\"(Constant := false, ExternalAccess := Read/Write)\"
TAG,,CM_231_PIT_012,\"PU-231-001 Outlet Pressure\",\"P_AInHART\",\"\",\"(Constant := false, ExternalAccess := Read/Write)\"
TAG,,CM_231_TIT_011,\"TK-231-001 Temperature\",\"P_AInHART\",\"\",\"(Constant := false, ExternalAccess := Read/Write)\"
TAG,,CM_231_TIT_031,\"HX-231-001 CIPR Outlet Temperature\",\"P_AInHART\",\"\",\"(Constant := false, ExternalAccess := Read/Write)\"
TAG,,CM_231_TIT_033,\"High Quality Steam Drain Temp TK-231-001\",\"P_AInHART\",\"\",\"(Constant := false, ExternalAccess := Read/Write)\"
TAG,,CM_231_TIT_034,\"High Quality Steam Drain Temp TK-231-001\",\"P_AInHART\",\"\",\"(Constant := false, ExternalAccess := Read/Write)\"
TAG,,CM_231_TIT_035,\"High Quality Steam Drain Temp TK-231-001\",\"P_AInHART\",\"\",\"(Constant := false, ExternalAccess := Read/Write)\"
TAG,,CM_232_AIT_041,\"TK-232-001 Conductivity\",\"P_AInHART\",\"\",\"(Constant := false, ExternalAccess := Read/Write)\"
TAG,,CM_232_LIT_070,\"TK-232-001 Level\",\"P_AInHART\",\"\",\"(Constant := false, ExternalAccess := Read/Write)\"
TAG,,CM_232_PIT_007,\"Pressure from TK-232-001 to FL-232-001\",\"P_AInHART\",\"\",\"(Constant := false, ExternalAccess := Read/Write)\"
TAG,,CM_232_PIT_008,\"Process from FL-232-001 to FL-232-002\",\"P_AInHART\",\"\",\"(Constant := false, ExternalAccess := Read/Write)\"
TAG,,CM_232_PIT_009,\"Process from FL-232-002 to TK-232-001\",\"P_AInHART\",\"\",\"(Constant := false, ExternalAccess := Read/Write)\"
TAG,,CM_232_PIT_010,\"TK-232-001 Pressure\",\"P_AInHART\",\"\",\"(Constant := false, ExternalAccess := Read/Write)\"
TAG,,CM_232_PIT_012,\"PU-232-001 Outlet Pressure\",\"P_AInHART\",\"\",\"(Constant := false, ExternalAccess := Read/Write)\"
TAG,,CM_232_TIT_011,\"TK-232-001 Temperature\",\"P_AInHART\",\"\",\"(Constant := false, ExternalAccess := Read/Write)\"
TAG,,CM_232_TIT_031,\"HX-232-001 Outlet Temp\",\"P_AInHART\",\"\",\"(Constant := false, ExternalAccess := Read/Write)\"
TAG,,CM_232_TIT_033,\"High Quality Steam Drain Temp TK-232-001\",\"P_AInHART\",\"\",\"(Constant := false, ExternalAccess := Read/Write)\"
TAG,,CM_232_TIT_034,\"High Quality Steam Drain Temp TK-232-001\",\"P_AInHART\",\"\",\"(Constant := false, ExternalAccess := Read/Write)\"
TAG,,CM_232_TIT_035,\"High Quality Steam Drain Temp TK-232-001\",\"P_AInHART\",\"\",\"(Constant := false, ExternalAccess := Read/Write)\"
TAG,,CM_361_PIT_006,\"WFI to TP-361-001 Pressure\",\"P_AInHART\",\"\",\"(Constant := false, ExternalAccess := Read/Write)\"
TAG,,CM_361_PIT_008,\"CA to TP-361-001 Pressure\",\"P_AInHART\",\"\",\"(Constant := false, ExternalAccess := Read/Write)\"
TAG,,CM_361_PIT_012,\"CA to TP-361-002 Pressure\",\"P_AInHART\",\"\",\"(Constant := false, ExternalAccess := Read/Write)\"
TAG,,CM_361_PIT_014,\"CA to TP-361-003 Pressure\",\"P_AInHART\",\"\",\"(Constant := false, ExternalAccess := Read/Write)\"
TAG,,CM_365_PIT_007,\"CA to TP-369-001 Pressure\",\"P_AInHART\",\"\",\"(Constant := false, ExternalAccess := Read/Write)\"
TAG,,CM_950_MT_001,\"Filling Suite 1211 Humidity\",\"P_AInHART\",\"\",\"(Constant := false, ExternalAccess := Read/Write)\"
TAG,,CM_950_PDT_006,\"Corridor 1004 Differential Pressure\",\"P_AInHART\",\"\",\"(Constant := false, ExternalAccess := Read/Write)\"
TAG,,CM_950_PDT_006a,\"Corridor 1003 Differential Pressure\",\"P_AInHART\",\"\",\"(Constant := false, ExternalAccess := Read/Write)\"
TAG,,CM_950_PDT_007,\"Corridor 1001 Differential Pressure\",\"P_AInHART\",\"\",\"(Constant := false, ExternalAccess := Read/Write)\"
TAG,,CM_950_PDT_008,\"Filling Suite 1211 Differential Pressure\",\"P_AInHART\",\"\",\"(Constant := false, ExternalAccess := Read/Write)\"
TAG,,CM_950_TT_030,\"Filling Suite 1211 Temperature\",\"P_AInHART\",\"\",\"(Constant := false, ExternalAccess := Read/Write)\"
TAG,,CM_200_PY_013,\"Process to TP-361-003 from DSP-200-001 Pressure to Indicator\",\"P_AOut\",\"\",\"(Constant := false, ExternalAccess := Read/Write)\"
TAG,,CM_200_PY_013_DST,\"Process to TP-361-003 from DSP-200-001 Pressure to Indicator Device Signal Tag\",\"DST_REAL_wStatus\",\"\",\"(Constant := false, ExternalAccess := Read/Write)\"
TAG,,CM_361_PY_014,\"CA to TP-361-003 Pressure\",\"P_AOut\",\"\",\"(Constant := false, ExternalAccess := Read/Write)\"
TAG,,CM_361_PY_014_DST,\"CA to TP-361-003 Pressure Device Signal Tag\",\"DST_REAL_wStatus\",\"\",\"(Constant := false, ExternalAccess := Read/Write)\"
TAG,,CM_361_PY_006,\"WFI to TP-361-001 Pressure to Indicator\",\"P_AOut\",\"\",\"(Constant := false, ExternalAccess := Read/Write)\"
TAG,,CM_361_PY_006_DST,\"WFI to TP-361-001 Pressure to Indicator Device Signal Tag\",\"DST_REAL_wStatus\",\"\",\"(Constant := false, ExternalAccess := Read/Write)\"
TAG,,CM_361_PY_008,\"CA to TP-361-001 Pressure to Indicator\",\"P_AOut\",\"\",\"(Constant := false, ExternalAccess := Read/Write)\"
TAG,,CM_361_PY_008_DST,\"CA to TP-361-001 Pressure to Indicator Device Signal Tag\",\"DST_REAL_wStatus\",\"\",\"(Constant := false, ExternalAccess := Read/Write)\"
TAG,,CM_361_PY_012,\"CA to TP-361-002 Pressure to Indicator\",\"P_AOut\",\"\",\"(Constant := false, ExternalAccess := Read/Write)\"
TAG,,CM_361_PY_012_DST,\"CA to TP-361-002 Pressure to Indicator Device Signal Tag\",\"DST_REAL_wStatus\",\"\",\"(Constant := false, ExternalAccess := Read/Write)\"
TAG,,CM_200_PY_015,\"TP-361-003 to DSP-200-001 Pressure to Indicator\",\"P_AOut\",\"\",\"(Constant := false, ExternalAccess := Read/Write)\"
TAG,,CM_200_PY_015_DST,\"TP-361-003 to DSP-200-001 Pressure to Indicator Device Signal Tag\",\"DST_REAL_wStatus\",\"\",\"(Constant := false, ExternalAccess := Read/Write)\"
TAG,,CM_230_PCV_007,\"TK-230-001 Recirculation Control Valve\",\"P_AOutHART\",\"\",\"(Constant := false, ExternalAccess := Read/Write)\"
TAG,,CM_230_TCV_031,\"MPS to HX-230-001 Control Valve\",\"P_AOutHART\",\"\",\"(Constant := false, ExternalAccess := Read/Write)\"
TAG,,CM_231_PCV_007,\"TK-231-001 Recirculation Control Valve\",\"P_AOutHART\",\"\",\"(Constant := false, ExternalAccess := Read/Write)\"
TAG,,CM_231_TCV_031,\"MPS to HX-231-001 Control Valve\",\"P_AOutHART\",\"\",\"(Constant := false, ExternalAccess := Read/Write)\"
TAG,,CM_232_PCV_007,\"TK-232-001 Recirculation Control Valve\",\"P_AOutHART\",\"\",\"(Constant := false, ExternalAccess := Read/Write)\"
TAG,,CM_232_TCV_031,\"MPS to HX-232-001 Control Valve\",\"P_AOutHART\",\"\",\"(Constant := false, ExternalAccess := Read/Write)\"
TAG,,CM_365_PY_007,\"CA to TP-365-001 Pressure to INDICATOR\",\"P_AOutHART\",\"\",\"(Constant := false, ExternalAccess := Read/Write)\"
TAG,,CM_210_PSE_101,\"TK-210-001 Rupture Disk\",\"P_DIn\",\"\",\"(Constant := false, ExternalAccess := Read/Write)\"
TAG,,CM_210_XS_101_DST,\"TK-210-001 Rupture Disk Device Signal Tag\",\"DST_BOOL_wStatus\",\"\",\"(Constant := false, ExternalAccess := Read/Write)\"
TAG,,CM_211_PSE_101,\"TK-211-001 Rupture Disk\",\"P_DIn\",\"\",\"(Constant := false, ExternalAccess := Read/Write)\"
TAG,,CM_211_XS_101_DST,\"TK-211-001 Rupture Disk Device Signal Tag\",\"DST_BOOL_wStatus\",\"\",\"(Constant := false, ExternalAccess := Read/Write)\"
TAG,,CM_230_PSE_101,\"TK-230-001 Rupture Disk\",\"P_DIn\",\"\",\"(Constant := false, ExternalAccess := Read/Write)\"
TAG,,CM_230_XS_101_DST,\"TK-230-001 Rupture Disk Device Signal Tag\",\"DST_BOOL_wStatus\",\"\",\"(Constant := false, ExternalAccess := Read/Write)\"
TAG,,CM_230_PSE_107,\"HX-230-001 Rupture Disk\",\"P_DIn\",\"\",\"(Constant := false, ExternalAccess := Read/Write)\"
TAG,,CM_230_XS_107_DST,\"HX-230-001 Rupture Disk Device Signal Tag\",\"DST_BOOL_wStatus\",\"\",\"(Constant := false, ExternalAccess := Read/Write)\"
TAG,,CM_231_PSE_101,\"TK-231-001 Rupture Disk\",\"P_DIn\",\"\",\"(Constant := false, ExternalAccess := Read/Write)\"
TAG,,CM_231_XS_101_DST,\"TK-231-001 Rupture Disk Device Signal Tag\",\"DST_BOOL_wStatus\",\"\",\"(Constant := false, ExternalAccess := Read/Write)\"
TAG,,CM_231_PSE_107,\"HX-231-001 Rupture Disk\",\"P_DIn\",\"\",\"(Constant := false, ExternalAccess := Read/Write)\"
TAG,,CM_231_XS_107_DST,\"HX-231-001 Rupture Disk Device Signal Tag\",\"DST_BOOL_wStatus\",\"\",\"(Constant := false, ExternalAccess := Read/Write)\"
TAG,,CM_232_PSE_101,\"TK-232-001 Rupture Disk\",\"P_DIn\",\"\",\"(Constant := false, ExternalAccess := Read/Write)\"
TAG,,CM_232_XS_101_DST,\"TK-232-001 Rupture Disk Device Signal Tag\",\"DST_BOOL_wStatus\",\"\",\"(Constant := false, ExternalAccess := Read/Write)\"
TAG,,CM_232_PSE_107,\"HX-232-001 Rupture Disk\",\"P_DIn\",\"\",\"(Constant := false, ExternalAccess := Read/Write)\"
TAG,,CM_232_XS_107_DST,\"HX-232-001 Rupture Disk Device Signal Tag\",\"DST_BOOL_wStatus\",\"\",\"(Constant := false, ExternalAccess := Read/Write)\"
TAG,,CM_361_ZS_101,\"TP-361-001 A-B Proximity Switch\",\"P_DIn\",\"\",\"(Constant := false, ExternalAccess := Read/Write)\"
TAG,,CM_361_ZS_101_DST,\"TP-361-001 A-B Proximity Switch Device Signal Tag\",\"DST_BOOL_wStatus\",\"\",\"(Constant := false, ExternalAccess := Read/Write)\"
TAG,,CM_361_ZS_102,\"TP-361-001 A-C Proximity Switch\",\"P_DIn\",\"\",\"(Constant := false, ExternalAccess := Read/Write)\"
TAG,,CM_361_ZS_102_DST,\"TP-361-001 A-C Proximity Switch Device Signal Tag\",\"DST_BOOL_wStatus\",\"\",\"(Constant := false, ExternalAccess := Read/Write)\"
TAG,,CM_361_ZS_103,\"TP-361-001 A-G Proximity Switch\",\"P_DIn\",\"\",\"(Constant := false, ExternalAccess := Read/Write)\"
TAG,,CM_361_ZS_103_DST,\"TP-361-001 A-G Proximity Switch Device Signal Tag\",\"DST_BOOL_wStatus\",\"\",\"(Constant := false, ExternalAccess := Read/Write)\"
TAG,,CM_361_ZS_104,\"TP-361-001 F-D Proximity Switch\",\"P_DIn\",\"\",\"(Constant := false, ExternalAccess := Read/Write)\"
TAG,,CM_361_ZS_104_DST,\"TP-361-001 F-D Proximity Switch Device Signal Tag\",\"DST_BOOL_wStatus\",\"\",\"(Constant := false, ExternalAccess := Read/Write)\"
TAG,,CM_361_ZS_105,\"TP-361-001 F-E Proximity Switch\",\"P_DIn\",\"\",\"(Constant := false, ExternalAccess := Read/Write)\"
TAG,,CM_361_ZS_105_DST,\"TP-361-001 F-E Proximity Switch Device Signal Tag\",\"DST_BOOL_wStatus\",\"\",\"(Constant := false, ExternalAccess := Read/Write)\"
TAG,,CM_361_ZS_106,\"TP-361-001 B-I Proximity Switch\",\"P_DIn\",\"\",\"(Constant := false, ExternalAccess := Read/Write)\"
TAG,,CM_361_ZS_106_DST,\"TP-361-001 B-I Proximity Switch Device Signal Tag\",\"DST_BOOL_wStatus\",\"\",\"(Constant := false, ExternalAccess := Read/Write)\"
TAG,,CM_361_ZS_107,\"TP-361-001C-I Proximity Switch\",\"P_DIn\",\"\",\"(Constant := false, ExternalAccess := Read/Write)\"
TAG,,CM_361_ZS_107_DST,\"TP-361-001C-I Proximity Switch Device Signal Tag\",\"DST_BOOL_wStatus\",\"\",\"(Constant := false, ExternalAccess := Read/Write)\"
TAG,,CM_361_ZS_201,\"TP-361-002 A-B Proximity Switch\",\"P_DIn\",\"\",\"(Constant := false, ExternalAccess := Read/Write)\"
TAG,,CM_361_ZS_201_DST,\"TP-361-002 A-B Proximity Switch Device Signal Tag\",\"DST_BOOL_wStatus\",\"\",\"(Constant := false, ExternalAccess := Read/Write)\"
TAG,,CM_361_ZS_202,\"TP-361-002 A-C Proximity Switch\",\"P_DIn\",\"\",\"(Constant := false, ExternalAccess := Read/Write)\"
TAG,,CM_361_ZS_202_DST,\"TP-361-002 A-C Proximity Switch Device Signal Tag\",\"DST_BOOL_wStatus\",\"\",\"(Constant := false, ExternalAccess := Read/Write)\"
TAG,,CM_361_ZS_301,\"TP-361-003 A-B Proximity Switch\",\"P_DIn\",\"\",\"(Constant := false, ExternalAccess := Read/Write)\"
TAG,,CM_361_ZS_301_DST,\"TP-361-003 A-B Proximity Switch Device Signal Tag\",\"DST_BOOL_wStatus\",\"\",\"(Constant := false, ExternalAccess := Read/Write)\"
TAG,,CM_361_ZS_302,\"TP-361-003 A-C Proximity Switch\",\"P_DIn\",\"\",\"(Constant := false, ExternalAccess := Read/Write)\"
TAG,,CM_361_ZS_302_DST,\"TP-361-003 A-C Proximity Switch Device Signal Tag\",\"DST_BOOL_wStatus\",\"\",\"(Constant := false, ExternalAccess := Read/Write)\"
TAG,,CM_365_ZS_101,\"TP-365-001 A-D Proximity Switch\",\"P_DIn\",\"\",\"(Constant := false, ExternalAccess := Read/Write)\"
TAG,,CM_365_ZS_101_DST,\"TP-365-001 A-D Proximity Switch Device Signal Tag\",\"DST_BOOL_wStatus\",\"\",\"(Constant := false, ExternalAccess := Read/Write)\"
TAG,,CM_365_ZS_102,\"TP-365-001 B-E Proximity Switch\",\"P_DIn\",\"\",\"(Constant := false, ExternalAccess := Read/Write)\"
TAG,,CM_365_ZS_102_DST,\"TP-365-001 B-E Proximity Switch Device Signal Tag\",\"DST_BOOL_wStatus\",\"\",\"(Constant := false, ExternalAccess := Read/Write)\"
TAG,,CM_365_ZS_103,\"TP-365-001 C-F Proximity Switch\",\"P_DIn\",\"\",\"(Constant := false, ExternalAccess := Read/Write)\"
TAG,,CM_365_ZS_103_DST,\"TP-365-001 C-F Proximity Switch Device Signal Tag\",\"DST_BOOL_wStatus\",\"\",\"(Constant := false, ExternalAccess := Read/Write)\"
TAG,,CM_365_ZS_104,\"TP-365-001 H-D Proximity Switch\",\"P_DIn\",\"\",\"(Constant := false, ExternalAccess := Read/Write)\"
TAG,,CM_365_ZS_104_DST,\"TP-365-001 H-D Proximity Switch Device Signal Tag\",\"DST_BOOL_wStatus\",\"\",\"(Constant := false, ExternalAccess := Read/Write)\"
TAG,,CM_365_ZS_105,\"TP-365-001 H-E Proximity Switch\",\"P_DIn\",\"\",\"(Constant := false, ExternalAccess := Read/Write)\"
TAG,,CM_365_ZS_105_DST,\"TP-365-001 H-E Proximity Switch Device Signal Tag\",\"DST_BOOL_wStatus\",\"\",\"(Constant := false, ExternalAccess := Read/Write)\"
TAG,,CM_365_ZS_106,\"TP-365-001 H-F Proximity Switch\",\"P_DIn\",\"\",\"(Constant := false, ExternalAccess := Read/Write)\"
TAG,,CM_365_ZS_106_DST,\"TP-365-001 H-F Proximity Switch Device Signal Tag\",\"DST_BOOL_wStatus\",\"\",\"(Constant := false, ExternalAccess := Read/Write)\"
TAG,,CM_365_ZS_107,\"TP-365-001 I-D Proximity Switch\",\"P_DIn\",\"\",\"(Constant := false, ExternalAccess := Read/Write)\"
TAG,,CM_365_ZS_107_DST,\"TP-365-001 I-D Proximity Switch Device Signal Tag\",\"DST_BOOL_wStatus\",\"\",\"(Constant := false, ExternalAccess := Read/Write)\"
TAG,,CM_365_ZS_108,\"TP-365-001 I-E Proximity Switch\",\"P_DIn\",\"\",\"(Constant := false, ExternalAccess := Read/Write)\"
TAG,,CM_365_ZS_108_DST,\"TP-365-001 I-E Proximity Switch Device Signal Tag\",\"DST_BOOL_wStatus\",\"\",\"(Constant := false, ExternalAccess := Read/Write)\"
TAG,,CM_365_ZS_109,\"TP-365-001 I-F Proximity Switch\",\"P_DIn\",\"\",\"(Constant := false, ExternalAccess := Read/Write)\"
TAG,,CM_365_ZS_109_DST,\"TP-365-001 I-F Proximity Switch Device Signal Tag\",\"DST_BOOL_wStatus\",\"\",\"(Constant := false, ExternalAccess := Read/Write)\"
TAG,,CM_365_ZS_110,\"TP-365-001 I-G Proximity Switch\",\"P_DIn\",\"\",\"(Constant := false, ExternalAccess := Read/Write)\"
TAG,,CM_365_ZS_110_DST,\"TP-365-001 I-G Proximity Switch Device Signal Tag\",\"DST_BOOL_wStatus\",\"\",\"(Constant := false, ExternalAccess := Read/Write)\"
TAG,,CM_365_ZS_111,\"TP-365-001 H-G Proximity Switch\",\"P_DIn\",\"\",\"(Constant := false, ExternalAccess := Read/Write)\"
TAG,,CM_365_ZS_111_DST,\"TP-365-001 H-G Proximity Switch Device Signal Tag\",\"DST_BOOL_wStatus\",\"\",\"(Constant := false, ExternalAccess := Read/Write)\"
TAG,,CM_200_XV_200,\"DSP-200-001 Drain\",\"P_ValveSO\",\"\",\"(Constant := false, ExternalAccess := Read/Write)\"
TAG,,CM_200_SV_200_DST,\"DSP-200-001 Drain Output Device Signal Tag\",\"DST_BOOL_wStatus\",\"\",\"(Constant := false, ExternalAccess := Read/Write)\"
TAG,,CM_200_XV_201,\"PUMP PU-120-001 Casing  Drain\",\"P_ValveSO\",\"\",\"(Constant := false, ExternalAccess := Read/Write)\"
TAG,,CM_200_SV_201_DST,\"PUMP PU-120-001 Casing  Drain Output Device Signal Tag\",\"DST_BOOL_wStatus\",\"\",\"(Constant := false, ExternalAccess := Read/Write)\"
TAG,,CM_200_XV_202,\"Pump PU-200-002  Casing Drain\",\"P_ValveSO\",\"\",\"(Constant := false, ExternalAccess := Read/Write)\"
TAG,,CM_200_SV_202_DST,\"Pump PU-200-002  Casing Drain Output Device Signal Tag\",\"DST_BOOL_wStatus\",\"\",\"(Constant := false, ExternalAccess := Read/Write)\"
TAG,,CM_200_XV_204,\"PU-200-002 PROCESS Drain\",\"P_ValveSO\",\"\",\"(Constant := false, ExternalAccess := Read/Write)\"
TAG,,CM_200_SV_204_DST,\"PU-200-002 PROCESS Drain Output Device Signal Tag\",\"DST_BOOL_wStatus\",\"\",\"(Constant := false, ExternalAccess := Read/Write)\"
TAG,,CM_200_XV_205,\"PU-200-001 PROCESSDrain\",\"P_ValveSO\",\"\",\"(Constant := false, ExternalAccess := Read/Write)\"
TAG,,CM_200_SV_205_DST,\"PU-200-001 PROCESSDrain Output Device Signal Tag\",\"DST_BOOL_wStatus\",\"\",\"(Constant := false, ExternalAccess := Read/Write)\"
TAG,,CM_200_XV_905,\"CIPS to DM-200-001\",\"P_ValveSO\",\"\",\"(Constant := false, ExternalAccess := Read/Write)\"
TAG,,CM_200_SV_905_DST,\"CIPS to DM-200-001 Output Device Signal Tag\",\"DST_BOOL_wStatus\",\"\",\"(Constant := false, ExternalAccess := Read/Write)\"
TAG,,CM_200_ZSC_905_DST,\"CIPS to DM-200-001 ZSC Feedback Device Signal Tag\",\"DST_BOOL_wStatus\",\"\",\"(Constant := false, ExternalAccess := Read/Write)\"
TAG,,CM_200_ZSO_905_DST,\"CIPS to DM-200-001 ZSO Feedback Device Signal Tag\",\"DST_BOOL_wStatus\",\"\",\"(Constant := false, ExternalAccess := Read/Write)\"
TAG,,CM_200_XV_906,\"Process Feed to TP-361-002\",\"P_ValveSO\",\"\",\"(Constant := false, ExternalAccess := Read/Write)\"
TAG,,CM_200_SV_906_DST,\"Process Feed to TP-361-002 Output Device Signal Tag\",\"DST_BOOL_wStatus\",\"\",\"(Constant := false, ExternalAccess := Read/Write)\"
TAG,,CM_200_XV_907,\"Process Feed to TP-361-002\",\"P_ValveSO\",\"\",\"(Constant := false, ExternalAccess := Read/Write)\"
TAG,,CM_200_SV_907_DST,\"Process Feed to TP-361-002 Output Device Signal Tag\",\"DST_BOOL_wStatus\",\"\",\"(Constant := false, ExternalAccess := Read/Write)\"
TAG,,CM_200_XV_908,\"PROCESSS FEED TO TP-361-002\",\"P_ValveSO\",\"\",\"(Constant := false, ExternalAccess := Read/Write)\"
TAG,,CM_200_SV_908_DST,\"PROCESSS FEED TO TP-361-002 Output Device Signal Tag\",\"DST_BOOL_wStatus\",\"\",\"(Constant := false, ExternalAccess := Read/Write)\"
TAG,,CM_200_XV_909,\"PROCESS WASTE\",\"P_ValveSO\",\"\",\"(Constant := false, ExternalAccess := Read/Write)\"
TAG,,CM_200_SV_909_DST,\"PROCESS WASTE Output Device Signal Tag\",\"DST_BOOL_wStatus\",\"\",\"(Constant := false, ExternalAccess := Read/Write)\"
TAG,,CM_200_ZSC_909_DST,\"PROCESS WASTE ZSC Feedback Device Signal Tag\",\"DST_BOOL_wStatus\",\"\",\"(Constant := false, ExternalAccess := Read/Write)\"
TAG,,CM_200_ZSO_909_DST,\"PROCESS WASTE ZSO Feedback Device Signal Tag\",\"DST_BOOL_wStatus\",\"\",\"(Constant := false, ExternalAccess := Read/Write)\"
TAG,,CM_200_XV_910,\"PROCESS WASTE\",\"P_ValveSO\",\"\",\"(Constant := false, ExternalAccess := Read/Write)\"
TAG,,CM_200_SV_910_DST,\"PROCESS WASTE Output Device Signal Tag\",\"DST_BOOL_wStatus\",\"\",\"(Constant := false, ExternalAccess := Read/Write)\"
TAG,,CM_200_ZSC_910_DST,\"PROCESS WASTE ZSC Feedback Device Signal Tag\",\"DST_BOOL_wStatus\",\"\",\"(Constant := false, ExternalAccess := Read/Write)\"
TAG,,CM_200_ZSO_910_DST,\"PROCESS WASTE ZSO Feedback Device Signal Tag\",\"DST_BOOL_wStatus\",\"\",\"(Constant := false, ExternalAccess := Read/Write)\"
TAG,,CM_200_XV_911,\"Process Feed to TP-361-003\",\"P_ValveSO\",\"\",\"(Constant := false, ExternalAccess := Read/Write)\"
TAG,,CM_200_SV_911_DST,\"Process Feed to TP-361-003 Output Device Signal Tag\",\"DST_BOOL_wStatus\",\"\",\"(Constant := false, ExternalAccess := Read/Write)\"
TAG,,CM_200_XV_913,\"Process Feed to TP-369-001\",\"P_ValveSO\",\"\",\"(Constant := false, ExternalAccess := Read/Write)\"
TAG,,CM_200_SV_913_DST,\"Process Feed to TP-369-001 Output Device Signal Tag\",\"DST_BOOL_wStatus\",\"\",\"(Constant := false, ExternalAccess := Read/Write)\"
TAG,,CM_200_XV_914,\"Process Waste\",\"P_ValveSO\",\"\",\"(Constant := false, ExternalAccess := Read/Write)\"
TAG,,CM_200_SV_914_DST,\"Process Waste Output Device Signal Tag\",\"DST_BOOL_wStatus\",\"\",\"(Constant := false, ExternalAccess := Read/Write)\"
TAG,,CM_200_ZSC_914_DST,\"Process Waste ZSC Feedback Device Signal Tag\",\"DST_BOOL_wStatus\",\"\",\"(Constant := false, ExternalAccess := Read/Write)\"
TAG,,CM_200_ZSO_914_DST,\"Process Waste ZSO Feedback Device Signal Tag\",\"DST_BOOL_wStatus\",\"\",\"(Constant := false, ExternalAccess := Read/Write)\"
TAG,,CM_210_XV_010,\"TK-210-00 Flush Bottom\",\"P_ValveSO\",\"\",\"(Constant := false, ExternalAccess := Read/Write)\"
TAG,,CM_210_SV_010_DST,\"TK-210-00 Flush Bottom Output Device Signal Tag\",\"DST_BOOL_wStatus\",\"\",\"(Constant := false, ExternalAccess := Read/Write)\"
TAG,,CM_210_XV_018,\"Compressed Air To TK-210-001\",\"P_ValveSO\",\"\",\"(Constant := false, ExternalAccess := Read/Write)\"
TAG,,CM_210_SV_018_DST,\"Compressed Air To TK-210-001 Output Device Signal Tag\",\"DST_BOOL_wStatus\",\"\",\"(Constant := false, ExternalAccess := Read/Write)\"
TAG,,CM_210_ZSC_018_DST,\"Compressed Air To TK-210-001 ZSC Feedback Device Signal Tag\",\"DST_BOOL_wStatus\",\"\",\"(Constant := false, ExternalAccess := Read/Write)\"
TAG,,CM_210_ZSO_018_DST,\"Compressed Air To TK-210-001 ZSO Feedback Device Signal Tag\",\"DST_BOOL_wStatus\",\"\",\"(Constant := false, ExternalAccess := Read/Write)\"
TAG,,CM_210_XV_019,\"TK-210-001 Vent\",\"P_ValveSO\",\"\",\"(Constant := false, ExternalAccess := Read/Write)\"
TAG,,CM_210_SV_019_DST,\"TK-210-001 Vent Output Device Signal Tag\",\"DST_BOOL_wStatus\",\"\",\"(Constant := false, ExternalAccess := Read/Write)\"
TAG,,CM_210_ZSC_019_DST,\"TK-210-001 Vent ZSC Feedback Device Signal Tag\",\"DST_BOOL_wStatus\",\"\",\"(Constant := false, ExternalAccess := Read/Write)\"
TAG,,CM_210_ZSO_019_DST,\"TK-210-001 Vent ZSO Feedback Device Signal Tag\",\"DST_BOOL_wStatus\",\"\",\"(Constant := false, ExternalAccess := Read/Write)\"
TAG,,CM_210_XV_200,\"TK-210-001 Drain\",\"P_ValveSO\",\"\",\"(Constant := false, ExternalAccess := Read/Write)\"
TAG,,CM_210_SV_200_DST,\"TK-210-001 Drain Output Device Signal Tag\",\"DST_BOOL_wStatus\",\"\",\"(Constant := false, ExternalAccess := Read/Write)\"
TAG,,CM_210_XV_201,\"PU-210-001 Casing Drain \",\"P_ValveSO\",\"\",\"(Constant := false, ExternalAccess := Read/Write)\"
TAG,,CM_210_SV_201_DST,\"PU-210-001 Casing Drain  Output Device Signal Tag\",\"DST_BOOL_wStatus\",\"\",\"(Constant := false, ExternalAccess := Read/Write)\"
TAG,,CM_210_XV_202,\"Process Drain from TK-210-001\",\"P_ValveSO\",\"\",\"(Constant := false, ExternalAccess := Read/Write)\"
TAG,,CM_210_SV_202_DST,\"Process Drain from TK-210-001 Output Device Signal Tag\",\"DST_BOOL_wStatus\",\"\",\"(Constant := false, ExternalAccess := Read/Write)\"
TAG,,CM_210_XV_203,\"from TK-210-001 TO Drain\",\"P_ValveSO\",\"\",\"(Constant := false, ExternalAccess := Read/Write)\"
TAG,,CM_210_SV_203_DST,\"from TK-210-001 TO Drain Output Device Signal Tag\",\"DST_BOOL_wStatus\",\"\",\"(Constant := false, ExternalAccess := Read/Write)\"
TAG,,CM_210_XV_204,\"PU-210-002 Casing Drain\",\"P_ValveSO\",\"\",\"(Constant := false, ExternalAccess := Read/Write)\"
TAG,,CM_210_SV_204_DST,\"PU-210-002 Casing Drain Output Device Signal Tag\",\"DST_BOOL_wStatus\",\"\",\"(Constant := false, ExternalAccess := Read/Write)\"
TAG,,CM_210_XV_206,\"Process Drain\",\"P_ValveSO\",\"\",\"(Constant := false, ExternalAccess := Read/Write)\"
TAG,,CM_210_SV_206_DST,\"Process Drain Output Device Signal Tag\",\"DST_BOOL_wStatus\",\"\",\"(Constant := false, ExternalAccess := Read/Write)\"
TAG,,CM_210_XV_510,\"Compressed Air  To TK-210-001\",\"P_ValveSO\",\"\",\"(Constant := false, ExternalAccess := Read/Write)\"
TAG,,CM_210_SV_510_DST,\"Compressed Air  To TK-210-001 Output Device Signal Tag\",\"DST_BOOL_wStatus\",\"\",\"(Constant := false, ExternalAccess := Read/Write)\"
TAG,,CM_210_ZSC_510_DST,\"Compressed Air  To TK-210-001 ZSC Feedback Device Signal Tag\",\"DST_BOOL_wStatus\",\"\",\"(Constant := false, ExternalAccess := Read/Write)\"
TAG,,CM_210_ZSO_510_DST,\"Compressed Air  To TK-210-001 ZSO Feedback Device Signal Tag\",\"DST_BOOL_wStatus\",\"\",\"(Constant := false, ExternalAccess := Read/Write)\"
TAG,,CM_210_XV_700,\"PROCESS TO TK-210-001\",\"P_ValveSO\",\"\",\"(Constant := false, ExternalAccess := Read/Write)\"
TAG,,CM_210_SV_700_DST,\"PROCESS TO TK-210-001 Output Device Signal Tag\",\"DST_BOOL_wStatus\",\"\",\"(Constant := false, ExternalAccess := Read/Write)\"
TAG,,CM_210_XV_701,\"High Quality Steam Drain from TK-210-001\",\"P_ValveSO\",\"\",\"(Constant := false, ExternalAccess := Read/Write)\"
TAG,,CM_210_SV_701_DST,\"High Quality Steam Drain from TK-210-001 Output Device Signal Tag\",\"DST_BOOL_wStatus\",\"\",\"(Constant := false, ExternalAccess := Read/Write)\"
TAG,,CM_210_XV_750,\"WFI TO TK-210-001\",\"P_ValveSO\",\"\",\"(Constant := false, ExternalAccess := Read/Write)\"
TAG,,CM_210_SV_750_DST,\"WFI TO TK-210-001 Output Device Signal Tag\",\"DST_BOOL_wStatus\",\"\",\"(Constant := false, ExternalAccess := Read/Write)\"
TAG,,CM_210_XV_810,\"CHWS TO TK-210-001\",\"P_ValveSO\",\"\",\"(Constant := false, ExternalAccess := Read/Write)\"
TAG,,CM_210_SV_810_DST,\"CHWS TO TK-210-001 Output Device Signal Tag\",\"DST_BOOL_wStatus\",\"\",\"(Constant := false, ExternalAccess := Read/Write)\"
TAG,,CM_210_ZSC_810_DST,\"CHWS TO TK-210-001 ZSC Feedback Device Signal Tag\",\"DST_BOOL_wStatus\",\"\",\"(Constant := false, ExternalAccess := Read/Write)\"
TAG,,CM_210_ZSO_810_DST,\"CHWS TO TK-210-001 ZSO Feedback Device Signal Tag\",\"DST_BOOL_wStatus\",\"\",\"(Constant := false, ExternalAccess := Read/Write)\"
TAG,,CM_210_XV_900,\"CIPS TO TK-210-001\",\"P_ValveSO\",\"\",\"(Constant := false, ExternalAccess := Read/Write)\"
TAG,,CM_210_SV_900_DST,\"CIPS TO TK-210-001 Output Device Signal Tag\",\"DST_BOOL_wStatus\",\"\",\"(Constant := false, ExternalAccess := Read/Write)\"
TAG,,CM_210_XV_901,\"Process Feed To TK-210-001\",\"P_ValveSO\",\"\",\"(Constant := false, ExternalAccess := Read/Write)\"
TAG,,CM_210_SV_901_DST,\"Process Feed To TK-210-001 Output Device Signal Tag\",\"DST_BOOL_wStatus\",\"\",\"(Constant := false, ExternalAccess := Read/Write)\"
TAG,,CM_210_XV_902,\"TK-210-001 Feed  To PU-210-001\",\"P_ValveSO\",\"\",\"(Constant := false, ExternalAccess := Read/Write)\"
TAG,,CM_210_SV_902_DST,\"TK-210-001 Feed  To PU-210-001 Output Device Signal Tag\",\"DST_BOOL_wStatus\",\"\",\"(Constant := false, ExternalAccess := Read/Write)\"
TAG,,CM_210_XV_903,\"TK-210-001 Process Feed To TP-361-003\",\"P_ValveSO\",\"\",\"(Constant := false, ExternalAccess := Read/Write)\"
TAG,,CM_210_SV_903_DST,\"TK-210-001 Process Feed To TP-361-003 Output Device Signal Tag\",\"DST_BOOL_wStatus\",\"\",\"(Constant := false, ExternalAccess := Read/Write)\"
TAG,,CM_210_XV_905,\"Process Feed from TK-210-001\",\"P_ValveSO\",\"\",\"(Constant := false, ExternalAccess := Read/Write)\"
TAG,,CM_210_SV_905_DST,\"Process Feed from TK-210-001 Output Device Signal Tag\",\"DST_BOOL_wStatus\",\"\",\"(Constant := false, ExternalAccess := Read/Write)\"
TAG,,CM_210_XV_906,\"Process Inlet to PU-210-002\",\"P_ValveSO\",\"\",\"(Constant := false, ExternalAccess := Read/Write)\"
TAG,,CM_210_SV_906_DST,\"Process Inlet to PU-210-002 Output Device Signal Tag\",\"DST_BOOL_wStatus\",\"\",\"(Constant := false, ExternalAccess := Read/Write)\"
TAG,,CM_210_XV_907,\"Process supply to TK-210-001 Eductors\",\"P_ValveSO\",\"\",\"(Constant := false, ExternalAccess := Read/Write)\"
TAG,,CM_210_SV_907_DST,\"Process supply to TK-210-001 Eductors Output Device Signal Tag\",\"DST_BOOL_wStatus\",\"\",\"(Constant := false, ExternalAccess := Read/Write)\"
TAG,,CM_211_XV_010,\"TK-211-00 Flush Bottom\",\"P_ValveSO\",\"\",\"(Constant := false, ExternalAccess := Read/Write)\"
TAG,,CM_211_SV_010_DST,\"TK-211-00 Flush Bottom Output Device Signal Tag\",\"DST_BOOL_wStatus\",\"\",\"(Constant := false, ExternalAccess := Read/Write)\"
TAG,,CM_211_XV_018,\"Compressed Air To TK-211-001\",\"P_ValveSO\",\"\",\"(Constant := false, ExternalAccess := Read/Write)\"
TAG,,CM_211_SV_018_DST,\"Compressed Air To TK-211-001 Output Device Signal Tag\",\"DST_BOOL_wStatus\",\"\",\"(Constant := false, ExternalAccess := Read/Write)\"
TAG,,CM_211_ZSC_018_DST,\"Compressed Air To TK-211-001 ZSC Feedback Device Signal Tag\",\"DST_BOOL_wStatus\",\"\",\"(Constant := false, ExternalAccess := Read/Write)\"
TAG,,CM_211_ZSO_018_DST,\"Compressed Air To TK-211-001 ZSO Feedback Device Signal Tag\",\"DST_BOOL_wStatus\",\"\",\"(Constant := false, ExternalAccess := Read/Write)\"
TAG,,CM_211_XV_019,\"TK-211-001 Vent\",\"P_ValveSO\",\"\",\"(Constant := false, ExternalAccess := Read/Write)\"
TAG,,CM_211_SV_019_DST,\"TK-211-001 Vent Output Device Signal Tag\",\"DST_BOOL_wStatus\",\"\",\"(Constant := false, ExternalAccess := Read/Write)\"
TAG,,CM_211_ZSC_019_DST,\"TK-211-001 Vent ZSC Feedback Device Signal Tag\",\"DST_BOOL_wStatus\",\"\",\"(Constant := false, ExternalAccess := Read/Write)\"
TAG,,CM_211_ZSO_019_DST,\"TK-211-001 Vent ZSO Feedback Device Signal Tag\",\"DST_BOOL_wStatus\",\"\",\"(Constant := false, ExternalAccess := Read/Write)\"
TAG,,CM_211_XV_200,\"TK-211-001 Drain\",\"P_ValveSO\",\"\",\"(Constant := false, ExternalAccess := Read/Write)\"
TAG,,CM_211_SV_200_DST,\"TK-211-001 Drain Output Device Signal Tag\",\"DST_BOOL_wStatus\",\"\",\"(Constant := false, ExternalAccess := Read/Write)\"
TAG,,CM_211_XV_201,\"PU-211-001 Casing  Drain\",\"P_ValveSO\",\"\",\"(Constant := false, ExternalAccess := Read/Write)\"
TAG,,CM_211_SV_201_DST,\"PU-211-001 Casing  Drain Output Device Signal Tag\",\"DST_BOOL_wStatus\",\"\",\"(Constant := false, ExternalAccess := Read/Write)\"
TAG,,CM_211_XV_202,\"Process Drain from TK-211-001\",\"P_ValveSO\",\"\",\"(Constant := false, ExternalAccess := Read/Write)\"
TAG,,CM_211_SV_202_DST,\"Process Drain from TK-211-001 Output Device Signal Tag\",\"DST_BOOL_wStatus\",\"\",\"(Constant := false, ExternalAccess := Read/Write)\"
TAG,,CM_211_XV_203,\"from TK-211-001 TO Drain\",\"P_ValveSO\",\"\",\"(Constant := false, ExternalAccess := Read/Write)\"
TAG,,CM_211_SV_203_DST,\"from TK-211-001 TO Drain Output Device Signal Tag\",\"DST_BOOL_wStatus\",\"\",\"(Constant := false, ExternalAccess := Read/Write)\"
TAG,,CM_211_XV_204,\"PU-211-002 Casing Drain\",\"P_ValveSO\",\"\",\"(Constant := false, ExternalAccess := Read/Write)\"
TAG,,CM_211_SV_204_DST,\"PU-211-002 Casing Drain Output Device Signal Tag\",\"DST_BOOL_wStatus\",\"\",\"(Constant := false, ExternalAccess := Read/Write)\"
TAG,,CM_211_XV_205,\"Procss Drain form PU-211-002 discharge line\",\"P_ValveSO\",\"\",\"(Constant := false, ExternalAccess := Read/Write)\"
TAG,,CM_211_SV_205_DST,\"Procss Drain form PU-211-002 discharge line Output Device Signal Tag\",\"DST_BOOL_wStatus\",\"\",\"(Constant := false, ExternalAccess := Read/Write)\"
TAG,,CM_211_XV_206,\"Process Drain\",\"P_ValveSO\",\"\",\"(Constant := false, ExternalAccess := Read/Write)\"
TAG,,CM_211_SV_206_DST,\"Process Drain Output Device Signal Tag\",\"DST_BOOL_wStatus\",\"\",\"(Constant := false, ExternalAccess := Read/Write)\"
TAG,,CM_211_XV_510,\"Compressed Air To TK-211-001\",\"P_ValveSO\",\"\",\"(Constant := false, ExternalAccess := Read/Write)\"
TAG,,CM_211_SV_510_DST,\"Compressed Air To TK-211-001 Output Device Signal Tag\",\"DST_BOOL_wStatus\",\"\",\"(Constant := false, ExternalAccess := Read/Write)\"
TAG,,CM_211_ZSC_510_DST,\"Compressed Air To TK-211-001 ZSC Feedback Device Signal Tag\",\"DST_BOOL_wStatus\",\"\",\"(Constant := false, ExternalAccess := Read/Write)\"
TAG,,CM_211_ZSO_510_DST,\"Compressed Air To TK-211-001 ZSO Feedback Device Signal Tag\",\"DST_BOOL_wStatus\",\"\",\"(Constant := false, ExternalAccess := Read/Write)\"
TAG,,CM_211_XV_700,\"PROCESS TO TK-211-001\",\"P_ValveSO\",\"\",\"(Constant := false, ExternalAccess := Read/Write)\"
TAG,,CM_211_SV_700_DST,\"PROCESS TO TK-211-001 Output Device Signal Tag\",\"DST_BOOL_wStatus\",\"\",\"(Constant := false, ExternalAccess := Read/Write)\"
TAG,,CM_211_XV_701,\" High Quality Steam Drain from TK-211-001\",\"P_ValveSO\",\"\",\"(Constant := false, ExternalAccess := Read/Write)\"
TAG,,CM_211_SV_701_DST,\" High Quality Steam Drain from TK-211-001 Output Device Signal Tag\",\"DST_BOOL_wStatus\",\"\",\"(Constant := false, ExternalAccess := Read/Write)\"
TAG,,CM_211_XV_750,\"WFI TO TK-211-001\",\"P_ValveSO\",\"\",\"(Constant := false, ExternalAccess := Read/Write)\"
TAG,,CM_211_SV_750_DST,\"WFI TO TK-211-001 Output Device Signal Tag\",\"DST_BOOL_wStatus\",\"\",\"(Constant := false, ExternalAccess := Read/Write)\"
TAG,,CM_211_XV_810,\"CHWS TO TK-211-001\",\"P_ValveSO\",\"\",\"(Constant := false, ExternalAccess := Read/Write)\"
TAG,,CM_211_SV_810_DST,\"CHWS TO TK-211-001 Output Device Signal Tag\",\"DST_BOOL_wStatus\",\"\",\"(Constant := false, ExternalAccess := Read/Write)\"
TAG,,CM_211_ZSC_810_DST,\"CHWS TO TK-211-001 ZSC Feedback Device Signal Tag\",\"DST_BOOL_wStatus\",\"\",\"(Constant := false, ExternalAccess := Read/Write)\"
TAG,,CM_211_ZSO_810_DST,\"CHWS TO TK-211-001 ZSO Feedback Device Signal Tag\",\"DST_BOOL_wStatus\",\"\",\"(Constant := false, ExternalAccess := Read/Write)\"
TAG,,CM_211_XV_900,\"CIPS TO TK-211-001\",\"P_ValveSO\",\"\",\"(Constant := false, ExternalAccess := Read/Write)\"
TAG,,CM_211_SV_900_DST,\"CIPS TO TK-211-001 Output Device Signal Tag\",\"DST_BOOL_wStatus\",\"\",\"(Constant := false, ExternalAccess := Read/Write)\"
TAG,,CM_211_XV_901,\"Process Feed To TK-211-001\",\"P_ValveSO\",\"\",\"(Constant := false, ExternalAccess := Read/Write)\"
TAG,,CM_211_SV_901_DST,\"Process Feed To TK-211-001 Output Device Signal Tag\",\"DST_BOOL_wStatus\",\"\",\"(Constant := false, ExternalAccess := Read/Write)\"
TAG,,CM_211_XV_902,\"TK-211-001 Feed  To PU-211-001\",\"P_ValveSO\",\"\",\"(Constant := false, ExternalAccess := Read/Write)\"
TAG,,CM_211_SV_902_DST,\"TK-211-001 Feed  To PU-211-001 Output Device Signal Tag\",\"DST_BOOL_wStatus\",\"\",\"(Constant := false, ExternalAccess := Read/Write)\"
TAG,,CM_211_XV_903,\"TK-211-001 Process Feed To TP-361-003\",\"P_ValveSO\",\"\",\"(Constant := false, ExternalAccess := Read/Write)\"
TAG,,CM_211_SV_903_DST,\"TK-211-001 Process Feed To TP-361-003 Output Device Signal Tag\",\"DST_BOOL_wStatus\",\"\",\"(Constant := false, ExternalAccess := Read/Write)\"
TAG,,CM_211_XV_905,\"Process Feed from TK-211-001\",\"P_ValveSO\",\"\",\"(Constant := false, ExternalAccess := Read/Write)\"
TAG,,CM_211_SV_905_DST,\"Process Feed from TK-211-001 Output Device Signal Tag\",\"DST_BOOL_wStatus\",\"\",\"(Constant := false, ExternalAccess := Read/Write)\"
TAG,,CM_211_XV_906,\"Process Inlet to PU-211-002\",\"P_ValveSO\",\"\",\"(Constant := false, ExternalAccess := Read/Write)\"
TAG,,CM_211_SV_906_DST,\"Process Inlet to PU-211-002 Output Device Signal Tag\",\"DST_BOOL_wStatus\",\"\",\"(Constant := false, ExternalAccess := Read/Write)\"
TAG,,CM_211_XV_907,\"Process supply to TK-211-001 Eductors\",\"P_ValveSO\",\"\",\"(Constant := false, ExternalAccess := Read/Write)\"
TAG,,CM_211_SV_907_DST,\"Process supply to TK-211-001 Eductors Output Device Signal Tag\",\"DST_BOOL_wStatus\",\"\",\"(Constant := false, ExternalAccess := Read/Write)\"
TAG,,CM_230_XV_010,\"TK-230-001 Bottom Valve\",\"P_ValveSO\",\"\",\"(Constant := false, ExternalAccess := Read/Write)\"
TAG,,CM_230_SV_010_DST,\"TK-230-001 Bottom Valve Output Device Signal Tag\",\"DST_BOOL_wStatus\",\"\",\"(Constant := false, ExternalAccess := Read/Write)\"
TAG,,CM_230_XV_016,\"TK-230-001 Process Feed\",\"P_ValveSO\",\"\",\"(Constant := false, ExternalAccess := Read/Write)\"
TAG,,CM_230_SV_016_DST,\"TK-230-001 Process Feed Output Device Signal Tag\",\"DST_BOOL_wStatus\",\"\",\"(Constant := false, ExternalAccess := Read/Write)\"
TAG,,CM_230_XV_018,\"TK-230-001 Vent\",\"P_ValveSO\",\"\",\"(Constant := false, ExternalAccess := Read/Write)\"
TAG,,CM_230_SV_018_DST,\"TK-230-001 Vent Output Device Signal Tag\",\"DST_BOOL_wStatus\",\"\",\"(Constant := false, ExternalAccess := Read/Write)\"
TAG,,CM_230_ZSC_018_DST,\"TK-230-001 Vent ZSC Feedback Device Signal Tag\",\"DST_BOOL_wStatus\",\"\",\"(Constant := false, ExternalAccess := Read/Write)\"
TAG,,CM_230_ZSO_018_DST,\"TK-230-001 Vent ZSO Feedback Device Signal Tag\",\"DST_BOOL_wStatus\",\"\",\"(Constant := false, ExternalAccess := Read/Write)\"
TAG,,CM_230_XV_200,\"FL-230-001 Up Stream Line Drain\",\"P_ValveSO\",\"\",\"(Constant := false, ExternalAccess := Read/Write)\"
TAG,,CM_230_SV_200_DST,\"FL-230-001 Up Stream Line Drain Output Device Signal Tag\",\"DST_BOOL_wStatus\",\"\",\"(Constant := false, ExternalAccess := Read/Write)\"
TAG,,CM_230_XV_201,\"FL-230-001 Down Stream Line Drain\",\"P_ValveSO\",\"\",\"(Constant := false, ExternalAccess := Read/Write)\"
TAG,,CM_230_SV_201_DST,\"FL-230-001 Down Stream Line Drain Output Device Signal Tag\",\"DST_BOOL_wStatus\",\"\",\"(Constant := false, ExternalAccess := Read/Write)\"
TAG,,CM_230_ZSC_201_DST,\"FL-230-001 Down Stream Line Drain ZSC Feedback Device Signal Tag\",\"DST_BOOL_wStatus\",\"\",\"(Constant := false, ExternalAccess := Read/Write)\"
TAG,,CM_230_ZSO_201_DST,\"FL-230-001 Down Stream Line Drain ZSO Feedback Device Signal Tag\",\"DST_BOOL_wStatus\",\"\",\"(Constant := false, ExternalAccess := Read/Write)\"
TAG,,CM_230_XV_202,\"FL-230-002 Down Stream Line Drain\",\"P_ValveSO\",\"\",\"(Constant := false, ExternalAccess := Read/Write)\"
TAG,,CM_230_SV_202_DST,\"FL-230-002 Down Stream Line Drain Output Device Signal Tag\",\"DST_BOOL_wStatus\",\"\",\"(Constant := false, ExternalAccess := Read/Write)\"
TAG,,CM_230_ZSC_202_DST,\"FL-230-002 Down Stream Line Drain ZSC Feedback Device Signal Tag\",\"DST_BOOL_wStatus\",\"\",\"(Constant := false, ExternalAccess := Read/Write)\"
TAG,,CM_230_ZSO_202_DST,\"FL-230-002 Down Stream Line Drain ZSO Feedback Device Signal Tag\",\"DST_BOOL_wStatus\",\"\",\"(Constant := false, ExternalAccess := Read/Write)\"
TAG,,CM_230_XV_203,\"PU-230-001 Outlet\",\"P_ValveSO\",\"\",\"(Constant := false, ExternalAccess := Read/Write)\"
TAG,,CM_230_SV_203_DST,\"PU-230-001 Outlet Output Device Signal Tag\",\"DST_BOOL_wStatus\",\"\",\"(Constant := false, ExternalAccess := Read/Write)\"
TAG,,CM_230_XV_204,\"PU-230-001 Casing Drain\",\"P_ValveSO\",\"\",\"(Constant := false, ExternalAccess := Read/Write)\"
TAG,,CM_230_SV_204_DST,\"PU-230-001 Casing Drain Output Device Signal Tag\",\"DST_BOOL_wStatus\",\"\",\"(Constant := false, ExternalAccess := Read/Write)\"
TAG,,CM_230_XV_205,\"PU-230-002 Casing Drain\",\"P_ValveSO\",\"\",\"(Constant := false, ExternalAccess := Read/Write)\"
TAG,,CM_230_SV_205_DST,\"PU-230-002 Casing Drain Output Device Signal Tag\",\"DST_BOOL_wStatus\",\"\",\"(Constant := false, ExternalAccess := Read/Write)\"
TAG,,CM_230_XV_206,\"Process Drain from TP-365-001\",\"P_ValveSO\",\"\",\"(Constant := false, ExternalAccess := Read/Write)\"
TAG,,CM_230_SV_206_DST,\"Process Drain from TP-365-001 Output Device Signal Tag\",\"DST_BOOL_wStatus\",\"\",\"(Constant := false, ExternalAccess := Read/Write)\"
TAG,,CM_230_XV_207,\"TK-230-001 LP Drain\",\"P_ValveSO\",\"\",\"(Constant := false, ExternalAccess := Read/Write)\"
TAG,,CM_230_SV_207_DST,\"TK-230-001 LP Drain Output Device Signal Tag\",\"DST_BOOL_wStatus\",\"\",\"(Constant := false, ExternalAccess := Read/Write)\"
TAG,,CM_230_XV_400,\"HX-230-001 Steam Block Valve\",\"P_ValveSO\",\"\",\"(Constant := false, ExternalAccess := Read/Write)\"
TAG,,CM_230_SV_400_DST,\"HX-230-001 Steam Block Valve Output Device Signal Tag\",\"DST_BOOL_wStatus\",\"\",\"(Constant := false, ExternalAccess := Read/Write)\"
TAG,,CM_230_ZSC_400_DST,\"HX-230-001 Steam Block Valve ZSC Feedback Device Signal Tag\",\"DST_BOOL_wStatus\",\"\",\"(Constant := false, ExternalAccess := Read/Write)\"
TAG,,CM_230_ZSO_400_DST,\"HX-230-001 Steam Block Valve ZSO Feedback Device Signal Tag\",\"DST_BOOL_wStatus\",\"\",\"(Constant := false, ExternalAccess := Read/Write)\"
TAG,,CM_230_XV_510,\"Compressed Air To TK-230-001\",\"P_ValveSO\",\"\",\"(Constant := false, ExternalAccess := Read/Write)\"
TAG,,CM_230_SV_510_DST,\"Compressed Air To TK-230-001 Output Device Signal Tag\",\"DST_BOOL_wStatus\",\"\",\"(Constant := false, ExternalAccess := Read/Write)\"
TAG,,CM_230_ZSC_510_DST,\"Compressed Air To TK-230-001 ZSC Feedback Device Signal Tag\",\"DST_BOOL_wStatus\",\"\",\"(Constant := false, ExternalAccess := Read/Write)\"
TAG,,CM_230_ZSO_510_DST,\"Compressed Air To TK-230-001 ZSO Feedback Device Signal Tag\",\"DST_BOOL_wStatus\",\"\",\"(Constant := false, ExternalAccess := Read/Write)\"
TAG,,CM_230_XV_511,\"Compressed Air To TK-230-001\",\"P_ValveSO\",\"\",\"(Constant := false, ExternalAccess := Read/Write)\"
TAG,,CM_230_SV_511_DST,\"Compressed Air To TK-230-001 Output Device Signal Tag\",\"DST_BOOL_wStatus\",\"\",\"(Constant := false, ExternalAccess := Read/Write)\"
TAG,,CM_230_ZSC_511_DST,\"Compressed Air To TK-230-001 ZSC Feedback Device Signal Tag\",\"DST_BOOL_wStatus\",\"\",\"(Constant := false, ExternalAccess := Read/Write)\"
TAG,,CM_230_ZSO_511_DST,\"Compressed Air To TK-230-001 ZSO Feedback Device Signal Tag\",\"DST_BOOL_wStatus\",\"\",\"(Constant := false, ExternalAccess := Read/Write)\"
TAG,,CM_230_XV_700,\"Solenoid Valve- High Quality Steam Drain from TK-230-001\",\"P_ValveSO\",\"\",\"(Constant := false, ExternalAccess := Read/Write)\"
TAG,,CM_230_SV_700_DST,\"Solenoid Valve- High Quality Steam Drain from TK-230-001 Output Device Signal Tag\",\"DST_BOOL_wStatus\",\"\",\"(Constant := false, ExternalAccess := Read/Write)\"
TAG,,CM_230_XV_701,\"Solenoid Valve- High Quality Steam/Drain TK-230-001\",\"P_ValveSO\",\"\",\"(Constant := false, ExternalAccess := Read/Write)\"
TAG,,CM_230_SV_701_DST,\"Solenoid Valve- High Quality Steam/Drain TK-230-001 Output Device Signal Tag\",\"DST_BOOL_wStatus\",\"\",\"(Constant := false, ExternalAccess := Read/Write)\"
TAG,,CM_230_XV_702,\"Solenoid Valve-High Quality Steam/Drain TK-230-001\",\"P_ValveSO\",\"\",\"(Constant := false, ExternalAccess := Read/Write)\"
TAG,,CM_230_SV_702_DST,\"Solenoid Valve-High Quality Steam/Drain TK-230-001 Output Device Signal Tag\",\"DST_BOOL_wStatus\",\"\",\"(Constant := false, ExternalAccess := Read/Write)\"
TAG,,CM_230_XV_703,\"Solenoid Valve-High Quality Steam/Drain TK-230-001\",\"P_ValveSO\",\"\",\"(Constant := false, ExternalAccess := Read/Write)\"
TAG,,CM_230_SV_703_DST,\"Solenoid Valve-High Quality Steam/Drain TK-230-001 Output Device Signal Tag\",\"DST_BOOL_wStatus\",\"\",\"(Constant := false, ExternalAccess := Read/Write)\"
TAG,,CM_230_XV_810,\"Chilled Water Supply to TK-230-001 Jacket\",\"P_ValveSO\",\"\",\"(Constant := false, ExternalAccess := Read/Write)\"
TAG,,CM_230_SV_810_DST,\"Chilled Water Supply to TK-230-001 Jacket Output Device Signal Tag\",\"DST_BOOL_wStatus\",\"\",\"(Constant := false, ExternalAccess := Read/Write)\"
TAG,,CM_230_ZSC_810_DST,\"Chilled Water Supply to TK-230-001 Jacket ZSC Feedback Device Signal Tag\",\"DST_BOOL_wStatus\",\"\",\"(Constant := false, ExternalAccess := Read/Write)\"
TAG,,CM_230_ZSO_810_DST,\"Chilled Water Supply to TK-230-001 Jacket ZSO Feedback Device Signal Tag\",\"DST_BOOL_wStatus\",\"\",\"(Constant := false, ExternalAccess := Read/Write)\"
TAG,,CM_230_XV_900,\"Process Feed To TK-230-001\",\"P_ValveSO\",\"\",\"(Constant := false, ExternalAccess := Read/Write)\"
TAG,,CM_230_SV_900_DST,\"Process Feed To TK-230-001 Output Device Signal Tag\",\"DST_BOOL_wStatus\",\"\",\"(Constant := false, ExternalAccess := Read/Write)\"
TAG,,CM_230_XV_901,\"TK-230-001 CIPR\",\"P_ValveSO\",\"\",\"(Constant := false, ExternalAccess := Read/Write)\"
TAG,,CM_230_SV_901_DST,\"TK-230-001 CIPR Output Device Signal Tag\",\"DST_BOOL_wStatus\",\"\",\"(Constant := false, ExternalAccess := Read/Write)\"
TAG,,CM_230_ZSC_901_DST,\"TK-230-001 CIPR ZSC Feedback Device Signal Tag\",\"DST_BOOL_wStatus\",\"\",\"(Constant := false, ExternalAccess := Read/Write)\"
TAG,,CM_230_ZSO_901_DST,\"TK-230-001 CIPR ZSO Feedback Device Signal Tag\",\"DST_BOOL_wStatus\",\"\",\"(Constant := false, ExternalAccess := Read/Write)\"
TAG,,CM_230_XV_902,\"Solution Recirc. To TK-230-001\",\"P_ValveSO\",\"\",\"(Constant := false, ExternalAccess := Read/Write)\"
TAG,,CM_230_SV_902_DST,\"Solution Recirc. To TK-230-001 Output Device Signal Tag\",\"DST_BOOL_wStatus\",\"\",\"(Constant := false, ExternalAccess := Read/Write)\"
TAG,,CM_230_XV_903,\"HX-230-001 CIPR\",\"P_ValveSO\",\"\",\"(Constant := false, ExternalAccess := Read/Write)\"
TAG,,CM_230_SV_903_DST,\"HX-230-001 CIPR Output Device Signal Tag\",\"DST_BOOL_wStatus\",\"\",\"(Constant := false, ExternalAccess := Read/Write)\"
TAG,,CM_230_XV_904,\"FIL-240-001 Process Feed Inlet\",\"P_ValveSO\",\"\",\"(Constant := false, ExternalAccess := Read/Write)\"
TAG,,CM_230_SV_904_DST,\"FIL-240-001 Process Feed Inlet Output Device Signal Tag\",\"DST_BOOL_wStatus\",\"\",\"(Constant := false, ExternalAccess := Read/Write)\"
TAG,,CM_230_ZSC_904_DST,\"FIL-240-001 Process Feed Inlet ZSC Feedback Device Signal Tag\",\"DST_BOOL_wStatus\",\"\",\"(Constant := false, ExternalAccess := Read/Write)\"
TAG,,CM_230_ZSO_904_DST,\"FIL-240-001 Process Feed Inlet ZSO Feedback Device Signal Tag\",\"DST_BOOL_wStatus\",\"\",\"(Constant := false, ExternalAccess := Read/Write)\"
TAG,,CM_230_XV_905,\"Solution Delivery to FIL-240-001\",\"P_ValveSO\",\"\",\"(Constant := false, ExternalAccess := Read/Write)\"
TAG,,CM_230_SV_905_DST,\"Solution Delivery to FIL-240-001 Output Device Signal Tag\",\"DST_BOOL_wStatus\",\"\",\"(Constant := false, ExternalAccess := Read/Write)\"
TAG,,CM_231_XV_010,\"TK-231-001 Bottom Valve\",\"P_ValveSO\",\"\",\"(Constant := false, ExternalAccess := Read/Write)\"
TAG,,CM_231_SV_010_DST,\"TK-231-001 Bottom Valve Output Device Signal Tag\",\"DST_BOOL_wStatus\",\"\",\"(Constant := false, ExternalAccess := Read/Write)\"
TAG,,CM_231_XV_016,\"TK-231-001 Process Feed\",\"P_ValveSO\",\"\",\"(Constant := false, ExternalAccess := Read/Write)\"
TAG,,CM_231_SV_016_DST,\"TK-231-001 Process Feed Output Device Signal Tag\",\"DST_BOOL_wStatus\",\"\",\"(Constant := false, ExternalAccess := Read/Write)\"
TAG,,CM_231_XV_018,\"TK-231-001 Vent\",\"P_ValveSO\",\"\",\"(Constant := false, ExternalAccess := Read/Write)\"
TAG,,CM_231_SV_018_DST,\"TK-231-001 Vent Output Device Signal Tag\",\"DST_BOOL_wStatus\",\"\",\"(Constant := false, ExternalAccess := Read/Write)\"
TAG,,CM_231_ZSC_018_DST,\"TK-231-001 Vent ZSC Feedback Device Signal Tag\",\"DST_BOOL_wStatus\",\"\",\"(Constant := false, ExternalAccess := Read/Write)\"
TAG,,CM_231_ZSO_018_DST,\"TK-231-001 Vent ZSO Feedback Device Signal Tag\",\"DST_BOOL_wStatus\",\"\",\"(Constant := false, ExternalAccess := Read/Write)\"
TAG,,CM_231_XV_200,\"FL-231-001 Up Stream Line Drain\",\"P_ValveSO\",\"\",\"(Constant := false, ExternalAccess := Read/Write)\"
TAG,,CM_231_SV_200_DST,\"FL-231-001 Up Stream Line Drain Output Device Signal Tag\",\"DST_BOOL_wStatus\",\"\",\"(Constant := false, ExternalAccess := Read/Write)\"
TAG,,CM_231_XV_201,\"FL-231-001 Down Stream Line Drain\",\"P_ValveSO\",\"\",\"(Constant := false, ExternalAccess := Read/Write)\"
TAG,,CM_231_SV_201_DST,\"FL-231-001 Down Stream Line Drain Output Device Signal Tag\",\"DST_BOOL_wStatus\",\"\",\"(Constant := false, ExternalAccess := Read/Write)\"
TAG,,CM_231_ZSC_201_DST,\"FL-231-001 Down Stream Line Drain ZSC Feedback Device Signal Tag\",\"DST_BOOL_wStatus\",\"\",\"(Constant := false, ExternalAccess := Read/Write)\"
TAG,,CM_231_ZSO_201_DST,\"FL-231-001 Down Stream Line Drain ZSO Feedback Device Signal Tag\",\"DST_BOOL_wStatus\",\"\",\"(Constant := false, ExternalAccess := Read/Write)\"
TAG,,CM_231_XV_202,\"FL-231-002 Down Stream Line Drain\",\"P_ValveSO\",\"\",\"(Constant := false, ExternalAccess := Read/Write)\"
TAG,,CM_231_SV_202_DST,\"FL-231-002 Down Stream Line Drain Output Device Signal Tag\",\"DST_BOOL_wStatus\",\"\",\"(Constant := false, ExternalAccess := Read/Write)\"
TAG,,CM_231_ZSC_202_DST,\"FL-231-002 Down Stream Line Drain ZSC Feedback Device Signal Tag\",\"DST_BOOL_wStatus\",\"\",\"(Constant := false, ExternalAccess := Read/Write)\"
TAG,,CM_231_ZSO_202_DST,\"FL-231-002 Down Stream Line Drain ZSO Feedback Device Signal Tag\",\"DST_BOOL_wStatus\",\"\",\"(Constant := false, ExternalAccess := Read/Write)\"
TAG,,CM_231_XV_203,\"PU-231-001 Outlet\",\"P_ValveSO\",\"\",\"(Constant := false, ExternalAccess := Read/Write)\"
TAG,,CM_231_SV_203_DST,\"PU-231-001 Outlet Output Device Signal Tag\",\"DST_BOOL_wStatus\",\"\",\"(Constant := false, ExternalAccess := Read/Write)\"
TAG,,CM_231_XV_204,\"PU-231-001 Casing Drain\",\"P_ValveSO\",\"\",\"(Constant := false, ExternalAccess := Read/Write)\"
TAG,,CM_231_SV_204_DST,\"PU-231-001 Casing Drain Output Device Signal Tag\",\"DST_BOOL_wStatus\",\"\",\"(Constant := false, ExternalAccess := Read/Write)\"
TAG,,CM_231_XV_205,\"PU-231-002 Casing Drain\",\"P_ValveSO\",\"\",\"(Constant := false, ExternalAccess := Read/Write)\"
TAG,,CM_231_SV_205_DST,\"PU-231-002 Casing Drain Output Device Signal Tag\",\"DST_BOOL_wStatus\",\"\",\"(Constant := false, ExternalAccess := Read/Write)\"
TAG,,CM_231_XV_206,\"Process Drain from TP-365-001\",\"P_ValveSO\",\"\",\"(Constant := false, ExternalAccess := Read/Write)\"
TAG,,CM_231_SV_206_DST,\"Process Drain from TP-365-001 Output Device Signal Tag\",\"DST_BOOL_wStatus\",\"\",\"(Constant := false, ExternalAccess := Read/Write)\"
TAG,,CM_231_XV_207,\"Solenoid Valve-TK-231-001 LP Drain\",\"P_ValveSO\",\"\",\"(Constant := false, ExternalAccess := Read/Write)\"
TAG,,CM_231_SV_207_DST,\"Solenoid Valve-TK-231-001 LP Drain Output Device Signal Tag\",\"DST_BOOL_wStatus\",\"\",\"(Constant := false, ExternalAccess := Read/Write)\"
TAG,,CM_231_XV_400,\"HX-231-001 Steam Block Valve\",\"P_ValveSO\",\"\",\"(Constant := false, ExternalAccess := Read/Write)\"
TAG,,CM_231_SV_400_DST,\"HX-231-001 Steam Block Valve Output Device Signal Tag\",\"DST_BOOL_wStatus\",\"\",\"(Constant := false, ExternalAccess := Read/Write)\"
TAG,,CM_231_ZSC_400_DST,\"HX-231-001 Steam Block Valve ZSC Feedback Device Signal Tag\",\"DST_BOOL_wStatus\",\"\",\"(Constant := false, ExternalAccess := Read/Write)\"
TAG,,CM_231_ZSO_400_DST,\"HX-231-001 Steam Block Valve ZSO Feedback Device Signal Tag\",\"DST_BOOL_wStatus\",\"\",\"(Constant := false, ExternalAccess := Read/Write)\"
TAG,,CM_231_XV_510,\"Compressed Air To TK-231-001\",\"P_ValveSO\",\"\",\"(Constant := false, ExternalAccess := Read/Write)\"
TAG,,CM_231_SV_510_DST,\"Compressed Air To TK-231-001 Output Device Signal Tag\",\"DST_BOOL_wStatus\",\"\",\"(Constant := false, ExternalAccess := Read/Write)\"
TAG,,CM_231_ZSC_510_DST,\"Compressed Air To TK-231-001 ZSC Feedback Device Signal Tag\",\"DST_BOOL_wStatus\",\"\",\"(Constant := false, ExternalAccess := Read/Write)\"
TAG,,CM_231_ZSO_510_DST,\"Compressed Air To TK-231-001 ZSO Feedback Device Signal Tag\",\"DST_BOOL_wStatus\",\"\",\"(Constant := false, ExternalAccess := Read/Write)\"
TAG,,CM_231_XV_511,\"Compressed Air To TK-231-001\",\"P_ValveSO\",\"\",\"(Constant := false, ExternalAccess := Read/Write)\"
TAG,,CM_231_SV_511_DST,\"Compressed Air To TK-231-001 Output Device Signal Tag\",\"DST_BOOL_wStatus\",\"\",\"(Constant := false, ExternalAccess := Read/Write)\"
TAG,,CM_231_ZSC_511_DST,\"Compressed Air To TK-231-001 ZSC Feedback Device Signal Tag\",\"DST_BOOL_wStatus\",\"\",\"(Constant := false, ExternalAccess := Read/Write)\"
TAG,,CM_231_ZSO_511_DST,\"Compressed Air To TK-231-001 ZSO Feedback Device Signal Tag\",\"DST_BOOL_wStatus\",\"\",\"(Constant := false, ExternalAccess := Read/Write)\"
TAG,,CM_231_XV_700,\"Solenoid Valve- High Quality Steam Drain from TK-231-001\",\"P_ValveSO\",\"\",\"(Constant := false, ExternalAccess := Read/Write)\"
TAG,,CM_231_SV_700_DST,\"Solenoid Valve- High Quality Steam Drain from TK-231-001 Output Device Signal Tag\",\"DST_BOOL_wStatus\",\"\",\"(Constant := false, ExternalAccess := Read/Write)\"
TAG,,CM_231_XV_701,\"Solenoid Valve-High Quality Steam/Drain TK-231-001\",\"P_ValveSO\",\"\",\"(Constant := false, ExternalAccess := Read/Write)\"
TAG,,CM_231_SV_701_DST,\"Solenoid Valve-High Quality Steam/Drain TK-231-001 Output Device Signal Tag\",\"DST_BOOL_wStatus\",\"\",\"(Constant := false, ExternalAccess := Read/Write)\"
TAG,,CM_231_XV_702,\"Solenoid Valve-High Quality Steam/Drain TK-231-001\",\"P_ValveSO\",\"\",\"(Constant := false, ExternalAccess := Read/Write)\"
TAG,,CM_231_SV_702_DST,\"Solenoid Valve-High Quality Steam/Drain TK-231-001 Output Device Signal Tag\",\"DST_BOOL_wStatus\",\"\",\"(Constant := false, ExternalAccess := Read/Write)\"
TAG,,CM_231_XV_703,\"Solenoid Valve-High Quality Steam/Drain TK-231-001\",\"P_ValveSO\",\"\",\"(Constant := false, ExternalAccess := Read/Write)\"
TAG,,CM_231_SV_703_DST,\"Solenoid Valve-High Quality Steam/Drain TK-231-001 Output Device Signal Tag\",\"DST_BOOL_wStatus\",\"\",\"(Constant := false, ExternalAccess := Read/Write)\"
TAG,,CM_231_XV_810,\"Chilled Water Supply to TK-231-001 Jacket\",\"P_ValveSO\",\"\",\"(Constant := false, ExternalAccess := Read/Write)\"
TAG,,CM_231_SV_810_DST,\"Chilled Water Supply to TK-231-001 Jacket Output Device Signal Tag\",\"DST_BOOL_wStatus\",\"\",\"(Constant := false, ExternalAccess := Read/Write)\"
TAG,,CM_231_ZSC_810_DST,\"Chilled Water Supply to TK-231-001 Jacket ZSC Feedback Device Signal Tag\",\"DST_BOOL_wStatus\",\"\",\"(Constant := false, ExternalAccess := Read/Write)\"
TAG,,CM_231_ZSO_810_DST,\"Chilled Water Supply to TK-231-001 Jacket ZSO Feedback Device Signal Tag\",\"DST_BOOL_wStatus\",\"\",\"(Constant := false, ExternalAccess := Read/Write)\"
TAG,,CM_231_XV_900,\"Process Feed To TK-231-001\",\"P_ValveSO\",\"\",\"(Constant := false, ExternalAccess := Read/Write)\"
TAG,,CM_231_SV_900_DST,\"Process Feed To TK-231-001 Output Device Signal Tag\",\"DST_BOOL_wStatus\",\"\",\"(Constant := false, ExternalAccess := Read/Write)\"
TAG,,CM_231_XV_901,\"TK-231-001 CIPR\",\"P_ValveSO\",\"\",\"(Constant := false, ExternalAccess := Read/Write)\"
TAG,,CM_231_SV_901_DST,\"TK-231-001 CIPR Output Device Signal Tag\",\"DST_BOOL_wStatus\",\"\",\"(Constant := false, ExternalAccess := Read/Write)\"
TAG,,CM_231_ZSC_901_DST,\"TK-231-001 CIPR ZSC Feedback Device Signal Tag\",\"DST_BOOL_wStatus\",\"\",\"(Constant := false, ExternalAccess := Read/Write)\"
TAG,,CM_231_ZSO_901_DST,\"TK-231-001 CIPR ZSO Feedback Device Signal Tag\",\"DST_BOOL_wStatus\",\"\",\"(Constant := false, ExternalAccess := Read/Write)\"
TAG,,CM_231_XV_902,\"Solution Recirc. To TK-231-001\",\"P_ValveSO\",\"\",\"(Constant := false, ExternalAccess := Read/Write)\"
TAG,,CM_231_SV_902_DST,\"Solution Recirc. To TK-231-001 Output Device Signal Tag\",\"DST_BOOL_wStatus\",\"\",\"(Constant := false, ExternalAccess := Read/Write)\"
TAG,,CM_231_XV_903,\"HX-231-001 CIPR\",\"P_ValveSO\",\"\",\"(Constant := false, ExternalAccess := Read/Write)\"
TAG,,CM_231_SV_903_DST,\"HX-231-001 CIPR Output Device Signal Tag\",\"DST_BOOL_wStatus\",\"\",\"(Constant := false, ExternalAccess := Read/Write)\"
TAG,,CM_231_XV_904,\"FIL-240-001 Process Feed Inlet\",\"P_ValveSO\",\"\",\"(Constant := false, ExternalAccess := Read/Write)\"
TAG,,CM_231_SV_904_DST,\"FIL-240-001 Process Feed Inlet Output Device Signal Tag\",\"DST_BOOL_wStatus\",\"\",\"(Constant := false, ExternalAccess := Read/Write)\"
TAG,,CM_231_ZSC_904_DST,\"FIL-240-001 Process Feed Inlet ZSC Feedback Device Signal Tag\",\"DST_BOOL_wStatus\",\"\",\"(Constant := false, ExternalAccess := Read/Write)\"
TAG,,CM_231_ZSO_904_DST,\"FIL-240-001 Process Feed Inlet ZSO Feedback Device Signal Tag\",\"DST_BOOL_wStatus\",\"\",\"(Constant := false, ExternalAccess := Read/Write)\"
TAG,,CM_231_XV_905,\"Solution Delivery to FIL-241-001\",\"P_ValveSO\",\"\",\"(Constant := false, ExternalAccess := Read/Write)\"
TAG,,CM_231_SV_905_DST,\"Solution Delivery to FIL-241-001 Output Device Signal Tag\",\"DST_BOOL_wStatus\",\"\",\"(Constant := false, ExternalAccess := Read/Write)\"
TAG,,CM_232_XV_010,\"TK-232-001 Bottom Valve\",\"P_ValveSO\",\"\",\"(Constant := false, ExternalAccess := Read/Write)\"
TAG,,CM_232_SV_010_DST,\"TK-232-001 Bottom Valve Output Device Signal Tag\",\"DST_BOOL_wStatus\",\"\",\"(Constant := false, ExternalAccess := Read/Write)\"
TAG,,CM_232_XV_016,\"TK-232-001 Process Feed\",\"P_ValveSO\",\"\",\"(Constant := false, ExternalAccess := Read/Write)\"
TAG,,CM_232_SV_016_DST,\"TK-232-001 Process Feed Output Device Signal Tag\",\"DST_BOOL_wStatus\",\"\",\"(Constant := false, ExternalAccess := Read/Write)\"
TAG,,CM_232_XV_018,\"TK-232-001 Vent\",\"P_ValveSO\",\"\",\"(Constant := false, ExternalAccess := Read/Write)\"
TAG,,CM_232_SV_018_DST,\"TK-232-001 Vent Output Device Signal Tag\",\"DST_BOOL_wStatus\",\"\",\"(Constant := false, ExternalAccess := Read/Write)\"
TAG,,CM_232_ZSC_018_DST,\"TK-232-001 Vent ZSC Feedback Device Signal Tag\",\"DST_BOOL_wStatus\",\"\",\"(Constant := false, ExternalAccess := Read/Write)\"
TAG,,CM_232_ZSO_018_DST,\"TK-232-001 Vent ZSO Feedback Device Signal Tag\",\"DST_BOOL_wStatus\",\"\",\"(Constant := false, ExternalAccess := Read/Write)\"
TAG,,CM_232_XV_200,\"FL-232-001 Up Stream Line Drain\",\"P_ValveSO\",\"\",\"(Constant := false, ExternalAccess := Read/Write)\"
TAG,,CM_232_SV_200_DST,\"FL-232-001 Up Stream Line Drain Output Device Signal Tag\",\"DST_BOOL_wStatus\",\"\",\"(Constant := false, ExternalAccess := Read/Write)\"
TAG,,CM_232_XV_201,\"FL-232-001 Down Stream Line Drain\",\"P_ValveSO\",\"\",\"(Constant := false, ExternalAccess := Read/Write)\"
TAG,,CM_232_SV_201_DST,\"FL-232-001 Down Stream Line Drain Output Device Signal Tag\",\"DST_BOOL_wStatus\",\"\",\"(Constant := false, ExternalAccess := Read/Write)\"
TAG,,CM_232_ZSC_201_DST,\"FL-232-001 Down Stream Line Drain ZSC Feedback Device Signal Tag\",\"DST_BOOL_wStatus\",\"\",\"(Constant := false, ExternalAccess := Read/Write)\"
TAG,,CM_232_ZSO_201_DST,\"FL-232-001 Down Stream Line Drain ZSO Feedback Device Signal Tag\",\"DST_BOOL_wStatus\",\"\",\"(Constant := false, ExternalAccess := Read/Write)\"
TAG,,CM_232_XV_202,\"FL-232-002 Down Stream Line Drain\",\"P_ValveSO\",\"\",\"(Constant := false, ExternalAccess := Read/Write)\"
TAG,,CM_232_SV_202_DST,\"FL-232-002 Down Stream Line Drain Output Device Signal Tag\",\"DST_BOOL_wStatus\",\"\",\"(Constant := false, ExternalAccess := Read/Write)\"
TAG,,CM_232_ZSC_202_DST,\"FL-232-002 Down Stream Line Drain ZSC Feedback Device Signal Tag\",\"DST_BOOL_wStatus\",\"\",\"(Constant := false, ExternalAccess := Read/Write)\"
TAG,,CM_232_ZSO_202_DST,\"FL-232-002 Down Stream Line Drain ZSO Feedback Device Signal Tag\",\"DST_BOOL_wStatus\",\"\",\"(Constant := false, ExternalAccess := Read/Write)\"
TAG,,CM_232_XV_203,\"PU-232-001 Outlet\",\"P_ValveSO\",\"\",\"(Constant := false, ExternalAccess := Read/Write)\"
TAG,,CM_232_SV_203_DST,\"PU-232-001 Outlet Output Device Signal Tag\",\"DST_BOOL_wStatus\",\"\",\"(Constant := false, ExternalAccess := Read/Write)\"
TAG,,CM_232_XV_204,\"PU-232-001 Casing Drain\",\"P_ValveSO\",\"\",\"(Constant := false, ExternalAccess := Read/Write)\"
TAG,,CM_232_SV_204_DST,\"PU-232-001 Casing Drain Output Device Signal Tag\",\"DST_BOOL_wStatus\",\"\",\"(Constant := false, ExternalAccess := Read/Write)\"
TAG,,CM_232_XV_205,\"PU-232-002 Casing Drain\",\"P_ValveSO\",\"\",\"(Constant := false, ExternalAccess := Read/Write)\"
TAG,,CM_232_SV_205_DST,\"PU-232-002 Casing Drain Output Device Signal Tag\",\"DST_BOOL_wStatus\",\"\",\"(Constant := false, ExternalAccess := Read/Write)\"
TAG,,CM_232_XV_206,\"Process Drain from TP-365-001\",\"P_ValveSO\",\"\",\"(Constant := false, ExternalAccess := Read/Write)\"
TAG,,CM_232_SV_206_DST,\"Process Drain from TP-365-001 Output Device Signal Tag\",\"DST_BOOL_wStatus\",\"\",\"(Constant := false, ExternalAccess := Read/Write)\"
TAG,,CM_232_XV_207,\"Solenoid Valve-TK-231-001 LP Drain\",\"P_ValveSO\",\"\",\"(Constant := false, ExternalAccess := Read/Write)\"
TAG,,CM_232_SV_207_DST,\"Solenoid Valve-TK-231-001 LP Drain Output Device Signal Tag\",\"DST_BOOL_wStatus\",\"\",\"(Constant := false, ExternalAccess := Read/Write)\"
TAG,,CM_232_XV_400,\"HX-232-001 Steam Block Valve\",\"P_ValveSO\",\"\",\"(Constant := false, ExternalAccess := Read/Write)\"
TAG,,CM_232_SV_400_DST,\"HX-232-001 Steam Block Valve Output Device Signal Tag\",\"DST_BOOL_wStatus\",\"\",\"(Constant := false, ExternalAccess := Read/Write)\"
TAG,,CM_232_ZSC_400_DST,\"HX-232-001 Steam Block Valve ZSC Feedback Device Signal Tag\",\"DST_BOOL_wStatus\",\"\",\"(Constant := false, ExternalAccess := Read/Write)\"
TAG,,CM_232_ZSO_400_DST,\"HX-232-001 Steam Block Valve ZSO Feedback Device Signal Tag\",\"DST_BOOL_wStatus\",\"\",\"(Constant := false, ExternalAccess := Read/Write)\"
TAG,,CM_232_XV_510,\"Compressed Air To TK-232-001\",\"P_ValveSO\",\"\",\"(Constant := false, ExternalAccess := Read/Write)\"
TAG,,CM_232_SV_510_DST,\"Compressed Air To TK-232-001 Output Device Signal Tag\",\"DST_BOOL_wStatus\",\"\",\"(Constant := false, ExternalAccess := Read/Write)\"
TAG,,CM_232_ZSC_510_DST,\"Compressed Air To TK-232-001 ZSC Feedback Device Signal Tag\",\"DST_BOOL_wStatus\",\"\",\"(Constant := false, ExternalAccess := Read/Write)\"
TAG,,CM_232_ZSO_510_DST,\"Compressed Air To TK-232-001 ZSO Feedback Device Signal Tag\",\"DST_BOOL_wStatus\",\"\",\"(Constant := false, ExternalAccess := Read/Write)\"
TAG,,CM_232_XV_511,\"Compressed Air To TK-232-001\",\"P_ValveSO\",\"\",\"(Constant := false, ExternalAccess := Read/Write)\"
TAG,,CM_232_SV_511_DST,\"Compressed Air To TK-232-001 Output Device Signal Tag\",\"DST_BOOL_wStatus\",\"\",\"(Constant := false, ExternalAccess := Read/Write)\"
TAG,,CM_232_ZSC_511_DST,\"Compressed Air To TK-232-001 ZSC Feedback Device Signal Tag\",\"DST_BOOL_wStatus\",\"\",\"(Constant := false, ExternalAccess := Read/Write)\"
TAG,,CM_232_ZSO_511_DST,\"Compressed Air To TK-232-001 ZSO Feedback Device Signal Tag\",\"DST_BOOL_wStatus\",\"\",\"(Constant := false, ExternalAccess := Read/Write)\"
TAG,,CM_232_XV_700,\"Solenoid Valve- High Quality Steam Drain from TK-232-001\",\"P_ValveSO\",\"\",\"(Constant := false, ExternalAccess := Read/Write)\"
TAG,,CM_232_SV_700_DST,\"Solenoid Valve- High Quality Steam Drain from TK-232-001 Output Device Signal Tag\",\"DST_BOOL_wStatus\",\"\",\"(Constant := false, ExternalAccess := Read/Write)\"
TAG,,CM_232_XV_701,\"Solenoid Valve-High Quality Steam/Drain TK-232-001\",\"P_ValveSO\",\"\",\"(Constant := false, ExternalAccess := Read/Write)\"
TAG,,CM_232_SV_701_DST,\"Solenoid Valve-High Quality Steam/Drain TK-232-001 Output Device Signal Tag\",\"DST_BOOL_wStatus\",\"\",\"(Constant := false, ExternalAccess := Read/Write)\"
TAG,,CM_232_XV_702,\"Solenoid Valve-High Quality Steam/Drain TK-232-001\",\"P_ValveSO\",\"\",\"(Constant := false, ExternalAccess := Read/Write)\"
TAG,,CM_232_SV_702_DST,\"Solenoid Valve-High Quality Steam/Drain TK-232-001 Output Device Signal Tag\",\"DST_BOOL_wStatus\",\"\",\"(Constant := false, ExternalAccess := Read/Write)\"
TAG,,CM_232_XV_703,\"Solenoid Valve- High Quality Steam/Drain TK-232-001\",\"P_ValveSO\",\"\",\"(Constant := false, ExternalAccess := Read/Write)\"
TAG,,CM_232_SV_703_DST,\"Solenoid Valve- High Quality Steam/Drain TK-232-001 Output Device Signal Tag\",\"DST_BOOL_wStatus\",\"\",\"(Constant := false, ExternalAccess := Read/Write)\"
TAG,,CM_232_XV_810,\"Chilled Water Supply to TK-232-001 Jacket\",\"P_ValveSO\",\"\",\"(Constant := false, ExternalAccess := Read/Write)\"
TAG,,CM_232_SV_810_DST,\"Chilled Water Supply to TK-232-001 Jacket Output Device Signal Tag\",\"DST_BOOL_wStatus\",\"\",\"(Constant := false, ExternalAccess := Read/Write)\"
TAG,,CM_232_ZSC_810_DST,\"Chilled Water Supply to TK-232-001 Jacket ZSC Feedback Device Signal Tag\",\"DST_BOOL_wStatus\",\"\",\"(Constant := false, ExternalAccess := Read/Write)\"
TAG,,CM_232_ZSO_810_DST,\"Chilled Water Supply to TK-232-001 Jacket ZSO Feedback Device Signal Tag\",\"DST_BOOL_wStatus\",\"\",\"(Constant := false, ExternalAccess := Read/Write)\"
TAG,,CM_232_XV_900,\"Process Feed To TK-232-001\",\"P_ValveSO\",\"\",\"(Constant := false, ExternalAccess := Read/Write)\"
TAG,,CM_232_SV_900_DST,\"Process Feed To TK-232-001 Output Device Signal Tag\",\"DST_BOOL_wStatus\",\"\",\"(Constant := false, ExternalAccess := Read/Write)\"
TAG,,CM_232_XV_901,\"TK-232-001 CIPR\",\"P_ValveSO\",\"\",\"(Constant := false, ExternalAccess := Read/Write)\"
TAG,,CM_232_SV_901_DST,\"TK-232-001 CIPR Output Device Signal Tag\",\"DST_BOOL_wStatus\",\"\",\"(Constant := false, ExternalAccess := Read/Write)\"
TAG,,CM_232_ZSC_901_DST,\"TK-232-001 CIPR ZSC Feedback Device Signal Tag\",\"DST_BOOL_wStatus\",\"\",\"(Constant := false, ExternalAccess := Read/Write)\"
TAG,,CM_232_ZSO_901_DST,\"TK-232-001 CIPR ZSO Feedback Device Signal Tag\",\"DST_BOOL_wStatus\",\"\",\"(Constant := false, ExternalAccess := Read/Write)\"
TAG,,CM_232_XV_902,\"Solution Recirc. To TK-232-001\",\"P_ValveSO\",\"\",\"(Constant := false, ExternalAccess := Read/Write)\"
TAG,,CM_232_SV_902_DST,\"Solution Recirc. To TK-232-001 Output Device Signal Tag\",\"DST_BOOL_wStatus\",\"\",\"(Constant := false, ExternalAccess := Read/Write)\"
TAG,,CM_232_XV_903,\"HX-232-001 CIPR\",\"P_ValveSO\",\"\",\"(Constant := false, ExternalAccess := Read/Write)\"
TAG,,CM_232_SV_903_DST,\"HX-232-001 CIPR Output Device Signal Tag\",\"DST_BOOL_wStatus\",\"\",\"(Constant := false, ExternalAccess := Read/Write)\"
TAG,,CM_232_XV_904,\"FIL-240-001 Process Feed Inlet\",\"P_ValveSO\",\"\",\"(Constant := false, ExternalAccess := Read/Write)\"
TAG,,CM_232_SV_904_DST,\"FIL-240-001 Process Feed Inlet Output Device Signal Tag\",\"DST_BOOL_wStatus\",\"\",\"(Constant := false, ExternalAccess := Read/Write)\"
TAG,,CM_232_ZSC_904_DST,\"FIL-240-001 Process Feed Inlet ZSC Feedback Device Signal Tag\",\"DST_BOOL_wStatus\",\"\",\"(Constant := false, ExternalAccess := Read/Write)\"
TAG,,CM_232_ZSO_904_DST,\"FIL-240-001 Process Feed Inlet ZSO Feedback Device Signal Tag\",\"DST_BOOL_wStatus\",\"\",\"(Constant := false, ExternalAccess := Read/Write)\"
TAG,,CM_232_XV_905,\"Solution Delivery to FIL-242-001\",\"P_ValveSO\",\"\",\"(Constant := false, ExternalAccess := Read/Write)\"
TAG,,CM_232_SV_905_DST,\"Solution Delivery to FIL-242-001 Output Device Signal Tag\",\"DST_BOOL_wStatus\",\"\",\"(Constant := false, ExternalAccess := Read/Write)\"
TAG,,CM_361_XV_018,\"TP-361-001 Vent\",\"P_ValveSO\",\"\",\"(Constant := false, ExternalAccess := Read/Write)\"
TAG,,CM_361_SV_018_DST,\"TP-361-001 Vent Output Device Signal Tag\",\"DST_BOOL_wStatus\",\"\",\"(Constant := false, ExternalAccess := Read/Write)\"
TAG,,CM_361_ZSC_018_DST,\"TP-361-001 Vent ZSC Feedback Device Signal Tag\",\"DST_BOOL_wStatus\",\"\",\"(Constant := false, ExternalAccess := Read/Write)\"
TAG,,CM_361_ZSO_018_DST,\"TP-361-001 Vent ZSO Feedback Device Signal Tag\",\"DST_BOOL_wStatus\",\"\",\"(Constant := false, ExternalAccess := Read/Write)\"
TAG,,CM_361_XV_019,\"TP-361-002 Vent\",\"P_ValveSO\",\"\",\"(Constant := false, ExternalAccess := Read/Write)\"
TAG,,CM_361_SV_019_DST,\"TP-361-002 Vent Output Device Signal Tag\",\"DST_BOOL_wStatus\",\"\",\"(Constant := false, ExternalAccess := Read/Write)\"
TAG,,CM_361_ZSC_019_DST,\"TP-361-002 Vent ZSC Feedback Device Signal Tag\",\"DST_BOOL_wStatus\",\"\",\"(Constant := false, ExternalAccess := Read/Write)\"
TAG,,CM_361_ZSO_019_DST,\"TP-361-002 Vent ZSO Feedback Device Signal Tag\",\"DST_BOOL_wStatus\",\"\",\"(Constant := false, ExternalAccess := Read/Write)\"
TAG,,CM_361_XV_020,\"TP-361-003 Vent\",\"P_ValveSO\",\"\",\"(Constant := false, ExternalAccess := Read/Write)\"
TAG,,CM_361_SV_020_DST,\"TP-361-003 Vent Output Device Signal Tag\",\"DST_BOOL_wStatus\",\"\",\"(Constant := false, ExternalAccess := Read/Write)\"
TAG,,CM_361_ZSC_020_DST,\"TP-361-003 Vent ZSC Feedback Device Signal Tag\",\"DST_BOOL_wStatus\",\"\",\"(Constant := false, ExternalAccess := Read/Write)\"
TAG,,CM_361_ZSO_020_DST,\"TP-361-003 Vent ZSO Feedback Device Signal Tag\",\"DST_BOOL_wStatus\",\"\",\"(Constant := false, ExternalAccess := Read/Write)\"
TAG,,CM_361_XV_201,\"TP-361-001 A-C Drain\",\"P_ValveSO\",\"\",\"(Constant := false, ExternalAccess := Read/Write)\"
TAG,,CM_361_SV_201_DST,\"TP-361-001 A-C Drain Output Device Signal Tag\",\"DST_BOOL_wStatus\",\"\",\"(Constant := false, ExternalAccess := Read/Write)\"
TAG,,CM_361_XV_510,\"Compressed Air  To TP-361-001\",\"P_ValveSO\",\"\",\"(Constant := false, ExternalAccess := Read/Write)\"
TAG,,CM_361_SV_510_DST,\"Compressed Air  To TP-361-001 Output Device Signal Tag\",\"DST_BOOL_wStatus\",\"\",\"(Constant := false, ExternalAccess := Read/Write)\"
TAG,,CM_361_ZSC_510_DST,\"Compressed Air  To TP-361-001 ZSC Feedback Device Signal Tag\",\"DST_BOOL_wStatus\",\"\",\"(Constant := false, ExternalAccess := Read/Write)\"
TAG,,CM_361_ZSO_510_DST,\"Compressed Air  To TP-361-001 ZSO Feedback Device Signal Tag\",\"DST_BOOL_wStatus\",\"\",\"(Constant := false, ExternalAccess := Read/Write)\"
TAG,,CM_361_XV_511,\"Compressed Air To TP-361-002\",\"P_ValveSO\",\"\",\"(Constant := false, ExternalAccess := Read/Write)\"
TAG,,CM_361_SV_511_DST,\"Compressed Air To TP-361-002 Output Device Signal Tag\",\"DST_BOOL_wStatus\",\"\",\"(Constant := false, ExternalAccess := Read/Write)\"
TAG,,CM_361_ZSC_511_DST,\"Compressed Air To TP-361-002 ZSC Feedback Device Signal Tag\",\"DST_BOOL_wStatus\",\"\",\"(Constant := false, ExternalAccess := Read/Write)\"
TAG,,CM_361_ZSO_511_DST,\"Compressed Air To TP-361-002 ZSO Feedback Device Signal Tag\",\"DST_BOOL_wStatus\",\"\",\"(Constant := false, ExternalAccess := Read/Write)\"
TAG,,CM_361_XV_512,\"Compressed Air To TP-361-003\",\"P_ValveSO\",\"\",\"(Constant := false, ExternalAccess := Read/Write)\"
TAG,,CM_361_SV_512_DST,\"Compressed Air To TP-361-003 Output Device Signal Tag\",\"DST_BOOL_wStatus\",\"\",\"(Constant := false, ExternalAccess := Read/Write)\"
TAG,,CM_361_ZSC_512_DST,\"Compressed Air To TP-361-003 ZSC Feedback Device Signal Tag\",\"DST_BOOL_wStatus\",\"\",\"(Constant := false, ExternalAccess := Read/Write)\"
TAG,,CM_361_ZSO_512_DST,\"Compressed Air To TP-361-003 ZSO Feedback Device Signal Tag\",\"DST_BOOL_wStatus\",\"\",\"(Constant := false, ExternalAccess := Read/Write)\"
TAG,,CM_361_XV_700,\" High Quality Steam Drain from TP-361-001\",\"P_ValveSO\",\"\",\"(Constant := false, ExternalAccess := Read/Write)\"
TAG,,CM_361_SV_700_DST,\" High Quality Steam Drain from TP-361-001 Output Device Signal Tag\",\"DST_BOOL_wStatus\",\"\",\"(Constant := false, ExternalAccess := Read/Write)\"
TAG,,CM_365_XV_018,\"TP-365-001 Vent\",\"P_ValveSO\",\"\",\"(Constant := false, ExternalAccess := Read/Write)\"
TAG,,CM_365_SV_018_DST,\"TP-365-001 Vent Output Device Signal Tag\",\"DST_BOOL_wStatus\",\"\",\"(Constant := false, ExternalAccess := Read/Write)\"
TAG,,CM_365_ZSC_018_DST,\"TP-365-001 Vent ZSC Feedback Device Signal Tag\",\"DST_BOOL_wStatus\",\"\",\"(Constant := false, ExternalAccess := Read/Write)\"
TAG,,CM_365_ZSO_018_DST,\"TP-365-001 Vent ZSO Feedback Device Signal Tag\",\"DST_BOOL_wStatus\",\"\",\"(Constant := false, ExternalAccess := Read/Write)\"
TAG,,CM_365_XV_510,\"Compressed Air To TP-365-001\",\"P_ValveSO\",\"\",\"(Constant := false, ExternalAccess := Read/Write)\"
TAG,,CM_365_SV_510_DST,\"Compressed Air To TP-365-001 Output Device Signal Tag\",\"DST_BOOL_wStatus\",\"\",\"(Constant := false, ExternalAccess := Read/Write)\"
TAG,,CM_365_ZSC_510_DST,\"Compressed Air To TP-365-001 ZSC Feedback Device Signal Tag\",\"DST_BOOL_wStatus\",\"\",\"(Constant := false, ExternalAccess := Read/Write)\"
TAG,,CM_365_ZSO_510_DST,\"Compressed Air To TP-365-001 ZSO Feedback Device Signal Tag\",\"DST_BOOL_wStatus\",\"\",\"(Constant := false, ExternalAccess := Read/Write)\"
TAG,,CM_369_XV_900,\"PROCESS WASTE\",\"P_ValveSO\",\"\",\"(Constant := false, ExternalAccess := Read/Write)\"
TAG,,CM_369_SV_900_DST,\"PROCESS WASTE Output Device Signal Tag\",\"DST_BOOL_wStatus\",\"\",\"(Constant := false, ExternalAccess := Read/Write)\"
TAG,,CM_369_ZSC_900_DST,\"PROCESS WASTE ZSC Feedback Device Signal Tag\",\"DST_BOOL_wStatus\",\"\",\"(Constant := false, ExternalAccess := Read/Write)\"
TAG,,CM_369_ZSO_900_DST,\"PROCESS WASTE ZSO Feedback Device Signal Tag\",\"DST_BOOL_wStatus\",\"\",\"(Constant := false, ExternalAccess := Read/Write)\"
TAG,,CM_210_XV_205,\"Procss Drain form PU-210-002 discharge line\",\"P_ValveSO\",\"\",\"(Constant := false, ExternalAccess := Read/Write)\"
TAG,,CM_210_SV_205_DST,\"Procss Drain form PU-210-002 discharge line Output Device Signal Tag\",\"DST_BOOL_wStatus\",\"\",\"(Constant := false, ExternalAccess := Read/Write)\"
TAG,,CM_200_SIC_002,\"Product Transfer Outlet Pump PU-200-002\",\"P_VSD\",\"\",\"(Constant := false, ExternalAccess := Read/Write)\"
TAG,,CM_200_SIC_002_IO,\"Product Transfer Outlet Pump PU-200-002 Device Signal Tag\",\"DST_VFD_IO\",\"\",\"(Constant := false, ExternalAccess := Read/Write)\"
TAG,,CM_200_SIC_002_Runtime,\"Product Transfer Outlet Pump PU-200-002 Runtime Stats\",\"P_Runtime\",\"\",\"(Constant := false, ExternalAccess := Read/Write)\"
TAG,,CM_200_SIC_001,\"Product Transfer Inlet Pump PU-200-001\",\"P_VSD\",\"\",\"(Constant := false, ExternalAccess := Read/Write)\"
TAG,,CM_200_SIC_001_IO,\"Product Transfer Inlet Pump PU-200-001 Device Signal Tag\",\"DST_VFD_IO\",\"\",\"(Constant := false, ExternalAccess := Read/Write)\"
TAG,,CM_200_SIC_001_Runtime,\"Product Transfer Inlet Pump PU-200-001 Runtime Stats\",\"P_Runtime\",\"\",\"(Constant := false, ExternalAccess := Read/Write)\"
TAG,,CM_210_SIC_001,\"Product Transfer Pump PU-210-002\",\"P_VSD\",\"\",\"(Constant := false, ExternalAccess := Read/Write)\"
TAG,,CM_210_SIC_001_IO,\"Product Transfer Pump PU-210-002 Device Signal Tag\",\"DST_VFD_IO\",\"\",\"(Constant := false, ExternalAccess := Read/Write)\"
TAG,,CM_210_SIC_001_Runtime,\"Product Transfer Pump PU-210-002 Runtime Stats\",\"P_Runtime\",\"\",\"(Constant := false, ExternalAccess := Read/Write)\"
TAG,,CM_210_SIC_002,\"Recirc Pump PU-210-001\",\"P_VSD\",\"\",\"(Constant := false, ExternalAccess := Read/Write)\"
TAG,,CM_210_SIC_002_IO,\"Recirc Pump PU-210-001 Device Signal Tag\",\"DST_VFD_IO\",\"\",\"(Constant := false, ExternalAccess := Read/Write)\"
TAG,,CM_210_SIC_002_Runtime,\"Recirc Pump PU-210-001 Runtime Stats\",\"P_Runtime\",\"\",\"(Constant := false, ExternalAccess := Read/Write)\"
TAG,,CM_211_SIC_001,\"Product Transfer Pump PU-211-002\",\"P_VSD\",\"\",\"(Constant := false, ExternalAccess := Read/Write)\"
TAG,,CM_211_SIC_001_IO,\"Product Transfer Pump PU-211-002 Device Signal Tag\",\"DST_VFD_IO\",\"\",\"(Constant := false, ExternalAccess := Read/Write)\"
TAG,,CM_211_SIC_001_Runtime,\"Product Transfer Pump PU-211-002 Runtime Stats\",\"P_Runtime\",\"\",\"(Constant := false, ExternalAccess := Read/Write)\"
TAG,,CM_211_SIC_002,\"Recirc Pump PU-211-001\",\"P_VSD\",\"\",\"(Constant := false, ExternalAccess := Read/Write)\"
TAG,,CM_211_SIC_002_IO,\"Recirc Pump PU-211-001 Device Signal Tag\",\"DST_VFD_IO\",\"\",\"(Constant := false, ExternalAccess := Read/Write)\"
TAG,,CM_211_SIC_002_Runtime,\"Recirc Pump PU-211-001 Runtime Stats\",\"P_Runtime\",\"\",\"(Constant := false, ExternalAccess := Read/Write)\"
TAG,,CM_230_SIC_002,\"PU-230-001 CIP Sanitization Pump\",\"P_VSD\",\"\",\"(Constant := false, ExternalAccess := Read/Write)\"
TAG,,CM_230_SIC_002_IO,\"PU-230-001 CIP Sanitization Pump Device Signal Tag\",\"DST_VFD_IO\",\"\",\"(Constant := false, ExternalAccess := Read/Write)\"
TAG,,CM_230_SIC_002_Runtime,\"PU-230-001 CIP Sanitization Pump Runtime Stats\",\"P_Runtime\",\"\",\"(Constant := false, ExternalAccess := Read/Write)\"
TAG,,CM_230_SIC_001,\"PU-230-002 Solution Delivery\",\"P_VSD\",\"\",\"(Constant := false, ExternalAccess := Read/Write)\"
TAG,,CM_230_SIC_001_IO,\"PU-230-002 Solution Delivery Device Signal Tag\",\"DST_VFD_IO\",\"\",\"(Constant := false, ExternalAccess := Read/Write)\"
TAG,,CM_230_SIC_001_Runtime,\"PU-230-002 Solution Delivery Runtime Stats\",\"P_Runtime\",\"\",\"(Constant := false, ExternalAccess := Read/Write)\"
TAG,,CM_231_SIC_002,\"PU-231-001 CIP Sanitization Pump\",\"P_VSD\",\"\",\"(Constant := false, ExternalAccess := Read/Write)\"
TAG,,CM_231_SIC_002_IO,\"PU-231-001 CIP Sanitization Pump Device Signal Tag\",\"DST_VFD_IO\",\"\",\"(Constant := false, ExternalAccess := Read/Write)\"
TAG,,CM_231_SIC_002_Runtime,\"PU-231-001 CIP Sanitization Pump Runtime Stats\",\"P_Runtime\",\"\",\"(Constant := false, ExternalAccess := Read/Write)\"
TAG,,CM_231_SIC_001,\"PU-231-002 Solution Delivery\",\"P_VSD\",\"\",\"(Constant := false, ExternalAccess := Read/Write)\"
TAG,,CM_231_SIC_001_IO,\"PU-231-002 Solution Delivery Device Signal Tag\",\"DST_VFD_IO\",\"\",\"(Constant := false, ExternalAccess := Read/Write)\"
TAG,,CM_231_SIC_001_Runtime,\"PU-231-002 Solution Delivery Runtime Stats\",\"P_Runtime\",\"\",\"(Constant := false, ExternalAccess := Read/Write)\"
TAG,,CM_232_SIC_002,\"PU-232-001 CIP Sanitization Pump\",\"P_VSD\",\"\",\"(Constant := false, ExternalAccess := Read/Write)\"
TAG,,CM_232_SIC_002_IO,\"PU-232-001 CIP Sanitization Pump Device Signal Tag\",\"DST_VFD_IO\",\"\",\"(Constant := false, ExternalAccess := Read/Write)\"
TAG,,CM_232_SIC_002_Runtime,\"PU-232-001 CIP Sanitization Pump Runtime Stats\",\"P_Runtime\",\"\",\"(Constant := false, ExternalAccess := Read/Write)\"
TAG,,CM_232_SIC_001,\"PU-232-002 Solution Delivery\",\"P_VSD\",\"\",\"(Constant := false, ExternalAccess := Read/Write)\"
TAG,,CM_232_SIC_001_IO,\"PU-232-002 Solution Delivery Device Signal Tag\",\"DST_VFD_IO\",\"\",\"(Constant := false, ExternalAccess := Read/Write)\"
TAG,,CM_232_SIC_001_Runtime,\"PU-232-002 Solution Delivery Runtime Stats\",\"P_Runtime\",\"\",\"(Constant := false, ExternalAccess := Read/Write)\"
TAG,,CM_230_PIC_007,\"Pressure from TK-231-001 to FL-231-001 Control\",\"P_PIDE\",\"\",\"(Constant := false, ExternalAccess := Read/Write)\"
TAG,,CM_230_TIC_031,\"HX-230-001 Outlet Temp Control\",\"P_PIDE\",\"\",\"(Constant := false, ExternalAccess := Read/Write)\"
TAG,,CM_231_PIC_007,\"Pressure from TK-231-001 to FL-231-001 Control\",\"P_PIDE\",\"\",\"(Constant := false, ExternalAccess := Read/Write)\"
TAG,,CM_231_TIC_031,\"HX-231-001 Outlet Temp Control\",\"P_PIDE\",\"\",\"(Constant := false, ExternalAccess := Read/Write)\"
TAG,,CM_232_PIC_007,\"Pressure from TK-232-001 to FL-232-001 Control\",\"P_PIDE\",\"\",\"(Constant := false, ExternalAccess := Read/Write)\"
TAG,,CM_232_TIC_031,\"HX-232-001 Outlet Temp Control\",\"P_PIDE\",\"\",\"(Constant := false, ExternalAccess := Read/Write)\"
"